,time_stats.send_recv.min,time_stats.send_recv.max,time_stats.send_recv.mean,time_stats.send_recv.median,time_stats.send_recv.std,rank,num_workers,size,collective,devices_per_node,max_devices_per_node
0,0.006,0.006,0.006000000000000001,0.006,8.673617379884035e-19,0,2,2048,send_recv,2,8
1,0.007,0.007,0.007,0.007,0.0,0,2,10240,send_recv,2,8
2,0.01,0.01,0.01,0.01,0.0,0,2,18432,send_recv,2,8
3,0.014,0.015,0.014333333333333332,0.014,0.0004714045207910313,0,2,26624,send_recv,2,8
4,0.014,0.015,0.014333333333333332,0.014,0.0004714045207910313,0,2,34816,send_recv,2,8
5,0.014,0.014,0.014,0.014,0.0,0,2,43008,send_recv,2,8
6,0.018000000000000002,0.019,0.018333333333333337,0.018000000000000002,0.00047140452079103045,0,2,51200,send_recv,2,8
7,0.02,0.02,0.02,0.02,0.0,0,2,59392,send_recv,2,8
8,0.021,0.022,0.021333333333333333,0.021,0.0004714045207910305,0,2,67584,send_recv,2,8
9,0.023,0.024,0.023333333333333334,0.023,0.00047140452079103207,0,2,75776,send_recv,2,8
10,0.024,0.025,0.024333333333333335,0.024,0.00047140452079103207,0,2,83968,send_recv,2,8
11,0.026000000000000002,0.027,0.026333333333333334,0.026000000000000002,0.00047140452079103045,0,2,92160,send_recv,2,8
12,0.026000000000000002,0.028,0.027333333333333334,0.028,0.0009428090415820625,0,2,100352,send_recv,2,8
13,0.029,0.031,0.03,0.03,0.0008164965809277254,0,2,108544,send_recv,2,8
14,0.03,0.032,0.030666666666666665,0.03,0.0009428090415820641,0,2,116736,send_recv,2,8
15,0.033,0.035,0.034,0.034,0.0008164965809277268,0,2,124928,send_recv,2,8
16,0.031,0.034,0.032,0.031,0.0014142135623730965,0,2,133120,send_recv,2,8
17,0.035,0.037,0.036333333333333336,0.037,0.0009428090415820609,0,2,141312,send_recv,2,8
18,0.036000000000000004,0.038,0.037000000000000005,0.037,0.0008164965809277239,0,2,149504,send_recv,2,8
19,0.038,0.04,0.03866666666666666,0.038,0.0009428090415820641,0,2,157696,send_recv,2,8
20,0.039,0.041,0.04,0.04,0.0008164965809277268,0,2,165888,send_recv,2,8
21,0.038,0.043000000000000003,0.04033333333333333,0.04,0.0020548046676563273,0,2,174080,send_recv,2,8
22,0.042,0.045,0.044000000000000004,0.045,0.001414213562373093,0,2,182272,send_recv,2,8
23,0.045,0.047,0.04633333333333334,0.047,0.0009428090415820641,0,2,190464,send_recv,2,8
24,0.048,0.049,0.04866666666666667,0.049,0.00047140452079103207,0,2,198656,send_recv,2,8
25,0.047,0.05,0.04800000000000001,0.047,0.0014142135623730963,0,2,206848,send_recv,2,8
26,0.047,0.049,0.04800000000000001,0.048,0.0008164965809277268,0,2,215040,send_recv,2,8
27,0.047,0.051000000000000004,0.04966666666666667,0.051000000000000004,0.0018856180831641283,0,2,223232,send_recv,2,8
28,0.05,0.055,0.053,0.054,0.0021602468994692853,0,2,231424,send_recv,2,8
29,0.051000000000000004,0.057,0.05466666666666667,0.056,0.0026246692913372695,0,2,239616,send_recv,2,8
30,0.055,0.06,0.057333333333333326,0.057,0.0020548046676563242,0,2,247808,send_recv,2,8
31,0.056,0.062,0.059,0.059000000000000004,0.0024494897427831774,0,2,256000,send_recv,2,8
32,0.061,0.064,0.06266666666666666,0.063,0.0012472191289246482,0,2,264192,send_recv,2,8
33,0.058,0.069,0.063,0.062,0.004546060565661953,0,2,272384,send_recv,2,8
34,0.061,0.07,0.064,0.061,0.004242640687119289,0,2,280576,send_recv,2,8
35,0.064,0.068,0.06566666666666666,0.065,0.0016996731711975965,0,2,288768,send_recv,2,8
36,0.063,0.07,0.06733333333333334,0.069,0.0030912061651652374,0,2,296960,send_recv,2,8
37,0.067,0.073,0.069,0.067,0.002828427124746186,0,2,305152,send_recv,2,8
38,0.063,0.073,0.06866666666666667,0.07,0.004189935029992177,0,2,313344,send_recv,2,8
39,0.069,0.073,0.07133333333333335,0.07200000000000001,0.0016996731711975918,0,2,321536,send_recv,2,8
40,0.065,0.074,0.06866666666666667,0.067,0.003858612300930072,0,2,329728,send_recv,2,8
41,0.07,0.077,0.07366666666666667,0.074,0.002867441755680872,0,2,337920,send_recv,2,8
42,0.076,0.083,0.07966666666666666,0.08,0.002867441755680878,0,2,346112,send_recv,2,8
43,0.07,0.088,0.078,0.076,0.007483314773547878,0,2,354304,send_recv,2,8
44,0.078,0.081,0.079,0.078,0.0014142135623730965,0,2,362496,send_recv,2,8
45,0.08,0.081,0.08066666666666666,0.081,0.00047140452079103207,0,2,370688,send_recv,2,8
46,0.083,0.088,0.08533333333333333,0.085,0.002054804667656321,0,2,378880,send_recv,2,8
47,0.085,0.08600000000000001,0.08533333333333333,0.085,0.00047140452079103207,0,2,387072,send_recv,2,8
48,0.081,0.084,0.08266666666666667,0.083,0.0012472191289246482,0,2,395264,send_recv,2,8
49,0.089,0.096,0.09366666666666668,0.096,0.003299831645537225,0,2,403456,send_recv,2,8
50,0.08,0.089,0.08600000000000001,0.089,0.004242640687119282,0,2,411648,send_recv,2,8
51,0.08700000000000001,0.099,0.09366666666666668,0.095,0.004988876515698587,0,2,419840,send_recv,2,8
52,0.091,0.098,0.09466666666666668,0.095,0.002867441755680878,0,2,428032,send_recv,2,8
53,0.08700000000000001,0.101,0.09500000000000001,0.097,0.005887840577551897,0,2,436224,send_recv,2,8
54,0.08,0.10300000000000001,0.09266666666666667,0.095,0.00953356643071673,0,2,444416,send_recv,2,8
55,0.093,0.099,0.09666666666666668,0.098,0.002624669291337273,0,2,452608,send_recv,2,8
56,0.09,0.099,0.09300000000000001,0.09,0.004242640687119289,0,2,460800,send_recv,2,8
57,0.101,0.106,0.10366666666666667,0.10400000000000001,0.002054804667656322,0,2,468992,send_recv,2,8
58,0.099,0.11,0.10266666666666668,0.099,0.005185449728701347,0,2,477184,send_recv,2,8
59,0.10200000000000001,0.106,0.10400000000000002,0.10400000000000001,0.0016329931618554478,0,2,485376,send_recv,2,8
60,0.095,0.109,0.10133333333333334,0.1,0.005792715732327588,0,2,493568,send_recv,2,8
61,0.10200000000000001,0.113,0.10566666666666669,0.10200000000000001,0.005185449728701347,0,2,501760,send_recv,2,8
62,0.099,0.108,0.10366666666666668,0.10400000000000001,0.003681787005729085,0,2,509952,send_recv,2,8
63,0.107,0.116,0.11,0.107,0.004242640687119289,0,2,518144,send_recv,2,8
64,0.111,0.114,0.11266666666666668,0.113,0.0012472191289246482,0,2,526336,send_recv,2,8
65,0.11,0.12,0.11599999999999999,0.11800000000000001,0.004320493798938573,0,2,534528,send_recv,2,8
66,0.109,0.112,0.11066666666666668,0.111,0.0012472191289246482,0,2,542720,send_recv,2,8
67,0.109,0.115,0.11166666666666668,0.111,0.0024944382578492965,0,2,550912,send_recv,2,8
68,0.116,0.125,0.12166666666666666,0.124,0.004027681991198188,0,2,559104,send_recv,2,8
69,0.11,0.126,0.12,0.124,0.007118052168020874,0,2,567296,send_recv,2,8
70,0.111,0.116,0.11333333333333334,0.113,0.0020548046676563273,0,2,575488,send_recv,2,8
71,0.116,0.128,0.12266666666666666,0.124,0.004988876515698587,0,2,583680,send_recv,2,8
72,0.126,0.134,0.12966666666666668,0.129,0.003299831645537225,0,2,591872,send_recv,2,8
73,0.123,0.129,0.12533333333333332,0.124,0.002624669291337273,0,2,600064,send_recv,2,8
74,0.123,0.125,0.124,0.124,0.0008164965809277268,0,2,608256,send_recv,2,8
75,0.123,0.126,0.12466666666666666,0.125,0.0012472191289246482,0,2,616448,send_recv,2,8
76,0.13,0.135,0.13333333333333333,0.135,0.0023570226039551605,0,2,624640,send_recv,2,8
77,0.129,0.131,0.13,0.13,0.0008164965809277268,0,2,632832,send_recv,2,8
78,0.127,0.139,0.13366666666666668,0.135,0.004988876515698593,0,2,641024,send_recv,2,8
79,0.136,0.148,0.14100000000000001,0.139,0.005099019513592777,0,2,649216,send_recv,2,8
80,0.131,0.14400000000000002,0.139,0.14200000000000002,0.005715476066494088,0,2,657408,send_recv,2,8
81,0.133,0.14200000000000002,0.13733333333333334,0.137,0.00368178700572909,0,2,665600,send_recv,2,8
82,0.138,0.139,0.13833333333333334,0.138,0.00047140452079103207,0,2,673792,send_recv,2,8
83,0.139,0.14,0.1396666666666667,0.14,0.00047140452079103207,0,2,681984,send_recv,2,8
84,0.133,0.14300000000000002,0.139,0.14100000000000001,0.0043204937989385775,0,2,690176,send_recv,2,8
85,0.138,0.146,0.1416666666666667,0.14100000000000001,0.0032998316455372123,0,2,698368,send_recv,2,8
86,0.132,0.153,0.14400000000000002,0.147,0.008831760866327842,0,2,706560,send_recv,2,8
87,0.14400000000000002,0.158,0.1486666666666667,0.14400000000000002,0.006599663291074437,0,2,714752,send_recv,2,8
88,0.14300000000000002,0.159,0.15166666666666667,0.153,0.006599663291074437,0,2,722944,send_recv,2,8
89,0.149,0.153,0.15066666666666664,0.15,0.0016996731711975965,0,2,731136,send_recv,2,8
90,0.14400000000000002,0.156,0.1506666666666667,0.152,0.004988876515698581,0,2,739328,send_recv,2,8
91,0.159,0.166,0.16166666666666665,0.16,0.0030912061651652374,0,2,747520,send_recv,2,8
92,0.151,0.161,0.15733333333333333,0.16,0.004496912521077351,0,2,755712,send_recv,2,8
93,0.146,0.158,0.15066666666666664,0.148,0.005249338582674546,0,2,763904,send_recv,2,8
94,0.147,0.157,0.15333333333333332,0.156,0.004496912521077351,0,2,772096,send_recv,2,8
95,0.161,0.17200000000000001,0.166,0.165,0.004546060565661956,0,2,780288,send_recv,2,8
96,0.156,0.166,0.16133333333333333,0.162,0.0041096093353126546,0,2,788480,send_recv,2,8
97,0.169,0.17500000000000002,0.17200000000000001,0.17200000000000001,0.00244948974278318,0,2,796672,send_recv,2,8
98,0.161,0.17,0.164,0.161,0.004242640687119289,0,2,804864,send_recv,2,8
99,0.164,0.176,0.169,0.167,0.005099019513592777,0,2,813056,send_recv,2,8
100,0.157,0.18,0.16733333333333333,0.165,0.009533566430716725,0,2,821248,send_recv,2,8
101,0.167,0.17500000000000002,0.17066666666666666,0.17,0.003299831645537225,0,2,829440,send_recv,2,8
102,0.165,0.183,0.17400000000000002,0.17400000000000002,0.007348469228349529,0,2,837632,send_recv,2,8
103,0.165,0.184,0.17433333333333334,0.17400000000000002,0.007760297817881872,0,2,845824,send_recv,2,8
104,0.166,0.176,0.17133333333333334,0.17200000000000001,0.004109609335312644,0,2,854016,send_recv,2,8
105,0.17200000000000001,0.181,0.17666666666666667,0.177,0.0036817870057290784,0,2,862208,send_recv,2,8
106,0.17,0.189,0.17966666666666664,0.18,0.007760297817881873,0,2,870400,send_recv,2,8
107,0.171,0.182,0.17766666666666667,0.18,0.004784233364802433,0,2,878592,send_recv,2,8
108,0.168,0.185,0.17866666666666667,0.183,0.007586537784494022,0,2,886784,send_recv,2,8
109,0.181,0.185,0.18366666666666664,0.185,0.0018856180831641283,0,2,894976,send_recv,2,8
110,0.17400000000000002,0.182,0.17800000000000002,0.178,0.0032659863237108956,0,2,903168,send_recv,2,8
111,0.17300000000000001,0.188,0.18300000000000002,0.188,0.007071067811865468,0,2,911360,send_recv,2,8
112,0.182,0.187,0.18499999999999997,0.186,0.0021602468994692888,0,2,919552,send_recv,2,8
113,0.17200000000000001,0.198,0.18566666666666667,0.187,0.010656244908763851,0,2,927744,send_recv,2,8
114,0.185,0.188,0.18633333333333332,0.186,0.0012472191289246482,0,2,935936,send_recv,2,8
115,0.186,0.191,0.18833333333333332,0.188,0.0020548046676563273,0,2,944128,send_recv,2,8
116,0.189,0.201,0.19533333333333336,0.196,0.004921607686744471,0,2,952320,send_recv,2,8
117,0.187,0.191,0.18933333333333335,0.19,0.0016996731711975965,0,2,960512,send_recv,2,8
118,0.196,0.20400000000000001,0.20033333333333334,0.201,0.003299831645537225,0,2,968704,send_recv,2,8
119,0.196,0.20600000000000002,0.20000000000000004,0.198,0.0043204937989385775,0,2,976896,send_recv,2,8
120,0.184,0.20600000000000002,0.19600000000000004,0.198,0.009092121131323912,0,2,985088,send_recv,2,8
121,0.198,0.199,0.19833333333333333,0.198,0.00047140452079103207,0,2,993280,send_recv,2,8
122,0.196,0.211,0.20233333333333334,0.2,0.006342099196813476,0,2,1001472,send_recv,2,8
123,0.19,0.202,0.19566666666666666,0.195,0.004921607686744472,0,2,1009664,send_recv,2,8
124,0.199,0.20700000000000002,0.2026666666666667,0.202,0.003299831645537225,0,2,1017856,send_recv,2,8
125,0.2,0.203,0.20200000000000004,0.203,0.0014142135623730963,0,2,1026048,send_recv,2,8
126,0.203,0.218,0.209,0.20600000000000002,0.006480740698407853,0,2,1034240,send_recv,2,8
127,0.211,0.221,0.217,0.219,0.0043204937989385775,0,2,1042432,send_recv,2,8
128,0.20700000000000002,0.212,0.21,0.211,0.0021602468994692758,0,2,1048576,send_recv,2,8
129,0.215,0.221,0.218,0.218,0.00244948974278318,0,2,1081344,send_recv,2,8
130,0.224,0.231,0.22733333333333336,0.227,0.002867441755680878,0,2,1114112,send_recv,2,8
131,0.233,0.24,0.23566666666666666,0.234,0.0030912061651652244,0,2,1146880,send_recv,2,8
132,0.23,0.23600000000000002,0.23333333333333336,0.234,0.0024944382578492965,0,2,1179648,send_recv,2,8
133,0.241,0.242,0.24166666666666667,0.242,0.00047140452079103207,0,2,1212416,send_recv,2,8
134,0.247,0.268,0.25766666666666665,0.258,0.008576453553512412,0,2,1245184,send_recv,2,8
135,0.253,0.261,0.257,0.257,0.0032659863237109073,0,2,1277952,send_recv,2,8
136,0.247,0.276,0.26366666666666666,0.268,0.01222929088522944,0,2,1310720,send_recv,2,8
137,0.268,0.276,0.27166666666666667,0.271,0.003299831645537225,0,2,1343488,send_recv,2,8
138,0.266,0.281,0.2733333333333334,0.273,0.006128258770283417,0,2,1376256,send_recv,2,8
139,0.28300000000000003,0.29,0.2856666666666667,0.28400000000000003,0.0030912061651652114,0,2,1409024,send_recv,2,8
140,0.28500000000000003,0.292,0.2876666666666667,0.28600000000000003,0.0030912061651652114,0,2,1441792,send_recv,2,8
141,0.29,0.309,0.2976666666666667,0.294,0.008178562764256872,0,2,1474560,send_recv,2,8
142,0.306,0.309,0.3076666666666667,0.308,0.0012472191289246482,0,2,1507328,send_recv,2,8
143,0.298,0.312,0.30466666666666664,0.304,0.005734883511361756,0,2,1540096,send_recv,2,8
144,0.312,0.319,0.316,0.317,0.0029439202887759515,0,2,1572864,send_recv,2,8
145,0.314,0.34700000000000003,0.32866666666666666,0.325,0.013719410418171131,0,2,1605632,send_recv,2,8
146,0.329,0.342,0.33433333333333337,0.332,0.005557777333511027,0,2,1638400,send_recv,2,8
147,0.324,0.336,0.3316666666666667,0.335,0.005436502143433369,0,2,1671168,send_recv,2,8
148,0.335,0.342,0.3376666666666667,0.336,0.0030912061651652374,0,2,1703936,send_recv,2,8
149,0.341,0.368,0.35400000000000004,0.353,0.01104536101718725,0,2,1736704,send_recv,2,8
150,0.34600000000000003,0.356,0.35200000000000004,0.354,0.0043204937989385515,0,2,1769472,send_recv,2,8
151,0.355,0.364,0.359,0.358,0.0037416573867739447,0,2,1802240,send_recv,2,8
152,0.373,0.377,0.37433333333333335,0.373,0.0018856180831641283,0,2,1835008,send_recv,2,8
153,0.363,0.389,0.37566666666666665,0.375,0.010624918300339493,0,2,1867776,send_recv,2,8
154,0.376,0.384,0.38066666666666665,0.382,0.003399346342395193,0,2,1900544,send_recv,2,8
155,0.384,0.396,0.38800000000000007,0.384,0.0056568542494923844,0,2,1933312,send_recv,2,8
156,0.384,0.393,0.38933333333333336,0.391,0.0038586123009300786,0,2,1966080,send_recv,2,8
157,0.393,0.398,0.39566666666666667,0.396,0.0020548046676563273,0,2,1998848,send_recv,2,8
158,0.40800000000000003,0.41000000000000003,0.4086666666666667,0.40800000000000003,0.0009428090415820641,0,2,2031616,send_recv,2,8
159,0.396,0.41300000000000003,0.40599999999999997,0.40900000000000003,0.0072571803523590874,0,2,2064384,send_recv,2,8
160,0.41500000000000004,0.442,0.42733333333333334,0.425,0.011145502331533648,0,2,2097152,send_recv,2,8
161,0.419,0.429,0.4223333333333333,0.419,0.004714045207910321,0,2,2129920,send_recv,2,8
162,0.434,0.438,0.4366666666666667,0.438,0.0018856180831641283,0,2,2162688,send_recv,2,8
163,0.436,0.445,0.43933333333333335,0.437,0.004027681991198194,0,2,2195456,send_recv,2,8
164,0.436,0.44,0.4383333333333333,0.439,0.0016996731711975965,0,2,2228224,send_recv,2,8
165,0.431,0.458,0.444,0.443,0.01104536101718727,0,2,2260992,send_recv,2,8
166,0.452,0.458,0.455,0.455,0.00244948974278318,0,2,2293760,send_recv,2,8
167,0.455,0.47400000000000003,0.46166666666666667,0.456,0.008730533902472538,0,2,2326528,send_recv,2,8
168,0.456,0.47900000000000004,0.4693333333333334,0.47300000000000003,0.009741092797468313,0,2,2359296,send_recv,2,8
169,0.468,0.485,0.47666666666666674,0.47700000000000004,0.006944222218666536,0,2,2392064,send_recv,2,8
170,0.47100000000000003,0.484,0.4776666666666667,0.47800000000000004,0.005312459150169725,0,2,2424832,send_recv,2,8
171,0.484,0.496,0.49099999999999994,0.493,0.00509901951359279,0,2,2457600,send_recv,2,8
172,0.497,0.511,0.5036666666666667,0.503,0.005734883511361756,0,2,2490368,send_recv,2,8
173,0.504,0.506,0.5053333333333333,0.506,0.0009428090415820641,0,2,2523136,send_recv,2,8
174,0.507,0.512,0.5100000000000001,0.511,0.0021602468994692888,0,2,2555904,send_recv,2,8
175,0.507,0.512,0.5103333333333334,0.512,0.0023570226039551605,0,2,2588672,send_recv,2,8
176,0.507,0.524,0.516,0.517,0.006976149845485456,0,2,2621440,send_recv,2,8
177,0.529,0.551,0.5373333333333333,0.532,0.009741092797468313,0,2,2654208,send_recv,2,8
178,0.526,0.528,0.5266666666666667,0.526,0.0009428090415820641,0,2,2686976,send_recv,2,8
179,0.537,0.548,0.5433333333333333,0.545,0.004642796092394711,0,2,2719744,send_recv,2,8
180,0.547,0.548,0.5473333333333334,0.547,0.00047140452079103207,0,2,2752512,send_recv,2,8
181,0.547,0.562,0.553,0.55,0.006480740698407866,0,2,2785280,send_recv,2,8
182,0.55,0.554,0.552,0.552,0.0016329931618554536,0,2,2818048,send_recv,2,8
183,0.5660000000000001,0.589,0.5763333333333334,0.5740000000000001,0.009533566430716687,0,2,2850816,send_recv,2,8
184,0.5750000000000001,0.58,0.5766666666666667,0.5750000000000001,0.002357022603955108,0,2,2883584,send_recv,2,8
185,0.5710000000000001,0.586,0.5786666666666668,0.579,0.006128258770283371,0,2,2916352,send_recv,2,8
186,0.5760000000000001,0.592,0.585,0.587,0.006683312551921097,0,2,2949120,send_recv,2,8
187,0.595,0.6,0.5973333333333333,0.597,0.0020548046676563273,0,2,2981888,send_recv,2,8
188,0.595,0.602,0.599,0.6,0.0029439202887759515,0,2,3014656,send_recv,2,8
189,0.59,0.619,0.606,0.609,0.012027745701779155,0,2,3047424,send_recv,2,8
190,0.608,0.624,0.6150000000000001,0.613,0.006683312551921146,0,2,3080192,send_recv,2,8
191,0.612,0.627,0.6206666666666666,0.623,0.006342099196813488,0,2,3112960,send_recv,2,8
192,0.609,0.634,0.6213333333333333,0.621,0.010208928554075711,0,2,3145728,send_recv,2,8
193,0.631,0.639,0.636,0.638,0.0035590260840104404,0,2,3178496,send_recv,2,8
194,0.633,0.644,0.6390000000000001,0.64,0.004546060565661956,0,2,3211264,send_recv,2,8
195,0.644,0.657,0.6493333333333333,0.647,0.005557777333511027,0,2,3244032,send_recv,2,8
196,0.647,0.662,0.6563333333333334,0.66,0.006649979114420008,0,2,3276800,send_recv,2,8
197,0.64,0.671,0.652,0.645,0.013589211407093018,0,2,3309568,send_recv,2,8
198,0.655,0.661,0.6576666666666667,0.657,0.0024944382578492965,0,2,3342336,send_recv,2,8
199,0.665,0.672,0.669,0.67,0.0029439202887759515,0,2,3375104,send_recv,2,8
200,0.665,0.676,0.6706666666666669,0.671,0.004496912521077351,0,2,3407872,send_recv,2,8
201,0.68,0.6920000000000001,0.6869999999999999,0.6890000000000001,0.00509901951359279,0,2,3440640,send_recv,2,8
202,0.68,0.715,0.7006666666666667,0.707,0.014974051630144095,0,2,3473408,send_recv,2,8
203,0.6940000000000001,0.7020000000000001,0.6983333333333334,0.6990000000000001,0.003299831645537225,0,2,3506176,send_recv,2,8
204,0.6920000000000001,0.7000000000000001,0.6973333333333334,0.7000000000000001,0.0037712361663282566,0,2,3538944,send_recv,2,8
205,0.7010000000000001,0.719,0.7083333333333334,0.705,0.0077172246018601225,0,2,3571712,send_recv,2,8
206,0.6950000000000001,0.727,0.715,0.723,0.01423610433604171,0,2,3604480,send_recv,2,8
207,0.717,0.724,0.7216666666666667,0.724,0.003299831645537225,0,2,3637248,send_recv,2,8
208,0.731,0.737,0.7346666666666666,0.736,0.0026246692913372725,0,2,3670016,send_recv,2,8
209,0.722,0.738,0.7296666666666667,0.729,0.00654896090146284,0,2,3702784,send_recv,2,8
210,0.738,0.754,0.7463333333333333,0.747,0.00654896090146284,0,2,3735552,send_recv,2,8
211,0.744,0.766,0.7536666666666667,0.751,0.009177266598624143,0,2,3768320,send_recv,2,8
212,0.752,0.772,0.762,0.762,0.008164965809277268,0,2,3801088,send_recv,2,8
213,0.748,0.776,0.7610000000000001,0.759,0.01151810169544734,0,2,3833856,send_recv,2,8
214,0.754,0.78,0.7663333333333334,0.765,0.010656244908763863,0,2,3866624,send_recv,2,8
215,0.756,0.775,0.7623333333333333,0.756,0.00895668589502961,0,2,3899392,send_recv,2,8
216,0.771,0.783,0.778,0.78,0.00509901951359279,0,2,3932160,send_recv,2,8
217,0.78,0.808,0.7966666666666667,0.802,0.012036980056845203,0,2,3964928,send_recv,2,8
218,0.794,0.796,0.7946666666666667,0.794,0.0009428090415820641,0,2,3997696,send_recv,2,8
219,0.78,0.809,0.7906666666666666,0.783,0.01302134998974975,0,2,4030464,send_recv,2,8
220,0.794,0.808,0.8013333333333333,0.802,0.005734883511361756,0,2,4063232,send_recv,2,8
221,0.806,0.812,0.81,0.812,0.002828427124746193,0,2,4096000,send_recv,2,8
222,0.8,0.8140000000000001,0.8056666666666666,0.803,0.0060184900284226015,0,2,4128768,send_recv,2,8
223,0.8180000000000001,0.848,0.8296666666666667,0.8230000000000001,0.013123346456686311,0,2,4161536,send_recv,2,8
224,0.8260000000000001,0.846,0.8333333333333334,0.8280000000000001,0.00899382504215465,0,2,4194304,send_recv,2,8
225,0.8310000000000001,0.852,0.8426666666666667,0.845,0.008730533902472488,0,2,4227072,send_recv,2,8
226,0.845,0.857,0.85,0.848,0.00509901951359279,0,2,4259840,send_recv,2,8
227,0.844,0.869,0.8553333333333333,0.853,0.010338708279513891,0,2,4292608,send_recv,2,8
228,0.85,0.864,0.8573333333333334,0.858,0.005734883511361756,0,2,4325376,send_recv,2,8
229,0.835,0.873,0.855,0.857,0.015577761927397243,0,2,4358144,send_recv,2,8
230,0.867,0.875,0.8696666666666667,0.867,0.0037712361663282566,0,2,4390912,send_recv,2,8
231,0.867,0.894,0.8803333333333333,0.88,0.011025223605694162,0,2,4423680,send_recv,2,8
232,0.888,0.901,0.8933333333333334,0.891,0.005557777333511028,0,2,4456448,send_recv,2,8
233,0.874,0.89,0.882,0.882,0.0065319726474218145,0,2,4489216,send_recv,2,8
234,0.892,0.904,0.8969999999999999,0.895,0.00509901951359279,0,2,4521984,send_recv,2,8
235,0.892,0.912,0.902,0.902,0.008164965809277268,0,2,4554752,send_recv,2,8
236,0.894,0.905,0.899,0.898,0.004546060565661956,0,2,4587520,send_recv,2,8
237,0.906,0.926,0.919,0.925,0.009201449161228182,0,2,4620288,send_recv,2,8
238,0.913,0.936,0.9236666666666666,0.922,0.009463379711052268,0,2,4653056,send_recv,2,8
239,0.935,0.9470000000000001,0.9413333333333335,0.9420000000000001,0.004921607686744472,0,2,4685824,send_recv,2,8
240,0.934,0.9530000000000001,0.9466666666666668,0.9530000000000001,0.00895668589502961,0,2,4718592,send_recv,2,8
241,0.9380000000000001,0.975,0.9550000000000001,0.9520000000000001,0.015253414918196699,0,2,4751360,send_recv,2,8
242,0.933,0.9580000000000001,0.9413333333333335,0.933,0.011785113019775802,0,2,4784128,send_recv,2,8
243,0.9560000000000001,0.969,0.961,0.9580000000000001,0.005715476066494036,0,2,4816896,send_recv,2,8
244,0.9430000000000001,0.9590000000000001,0.9500000000000001,0.9480000000000001,0.006683312551921147,0,2,4849664,send_recv,2,8
245,0.9540000000000001,0.9590000000000001,0.9560000000000001,0.9550000000000001,0.0021602468994692888,0,2,4882432,send_recv,2,8
246,0.973,0.989,0.9813333333333333,0.982,0.00654896090146284,0,2,4915200,send_recv,2,8
247,0.9570000000000001,0.992,0.976,0.979,0.014445299120013598,0,2,4947968,send_recv,2,8
248,0.97,1.0090000000000001,0.9886666666666667,0.987,0.01596524001977079,0,2,4980736,send_recv,2,8
249,0.98,0.996,0.989,0.991,0.006683312551921146,0,2,5013504,send_recv,2,8
250,0.98,1.0150000000000001,0.999,1.002,0.014445299120013688,0,2,5046272,send_recv,2,8
251,0.993,1.025,1.0073333333333332,1.004,0.013274871834493215,0,2,5079040,send_recv,2,8
252,1.0050000000000001,1.0190000000000001,1.0113333333333332,1.01,0.005792715732327603,0,2,5111808,send_recv,2,8
253,1.004,1.025,1.0166666666666668,1.0210000000000001,0.009104333522498434,0,2,5144576,send_recv,2,8
254,1.006,1.0230000000000001,1.0166666666666668,1.0210000000000001,0.007586537784494087,0,2,5177344,send_recv,2,8
255,1.0190000000000001,1.036,1.026,1.0230000000000001,0.007257180352359036,0,2,5210112,send_recv,2,8
256,1.03,1.049,1.0396666666666667,1.04,0.007760297817881839,0,2,5242880,send_recv,2,8
257,1.034,1.042,1.038,1.038,0.0032659863237109073,0,2,5275648,send_recv,2,8
258,1.041,1.063,1.0519999999999998,1.052,0.008981462390204994,0,2,5308416,send_recv,2,8
259,1.056,1.061,1.0576666666666668,1.056,0.002357022603955108,0,2,5341184,send_recv,2,8
260,1.043,1.075,1.0633333333333335,1.072,0.014429907214608942,0,2,5373952,send_recv,2,8
261,1.055,1.062,1.0576666666666668,1.056,0.0030912061651652695,0,2,5406720,send_recv,2,8
262,1.064,1.079,1.0730000000000002,1.076,0.006480740698407832,0,2,5439488,send_recv,2,8
263,1.081,1.088,1.0839999999999999,1.083,0.0029439202887760023,0,2,5472256,send_recv,2,8
264,1.08,1.093,1.0873333333333333,1.089,0.005436502143433318,0,2,5505024,send_recv,2,8
265,1.096,1.118,1.104,1.098,0.009933109617167568,0,2,5537792,send_recv,2,8
266,1.103,1.112,1.109,1.112,0.004242640687119341,0,2,5570560,send_recv,2,8
267,1.098,1.113,1.1039999999999999,1.101,0.006480740698407832,0,2,5603328,send_recv,2,8
268,1.109,1.115,1.112,1.112,0.00244948974278318,0,2,5636096,send_recv,2,8
269,1.102,1.12,1.1103333333333334,1.109,0.007408703590297636,0,2,5668864,send_recv,2,8
270,1.127,1.141,1.1343333333333334,1.135,0.005734883511361756,0,2,5701632,send_recv,2,8
271,1.125,1.145,1.133,1.129,0.008640987597877155,0,2,5734400,send_recv,2,8
272,1.129,1.145,1.1366666666666667,1.1360000000000001,0.006548960901462835,0,2,5767168,send_recv,2,8
273,1.1340000000000001,1.147,1.1386666666666667,1.135,0.005906681715556426,0,2,5799936,send_recv,2,8
274,1.1480000000000001,1.171,1.1586666666666667,1.157,0.009463379711052227,0,2,5832704,send_recv,2,8
275,1.161,1.167,1.165,1.167,0.0028284271247461927,0,2,5865472,send_recv,2,8
276,1.156,1.169,1.1646666666666667,1.169,0.006128258770283469,0,2,5898240,send_recv,2,8
277,1.1500000000000001,1.183,1.1656666666666666,1.164,0.013523641850067169,0,2,5931008,send_recv,2,8
278,1.168,1.194,1.1793333333333333,1.176,0.010873004286866737,0,2,5963776,send_recv,2,8
279,1.177,1.2,1.1866666666666668,1.183,0.009741092797468263,0,2,5996544,send_recv,2,8
280,1.176,1.199,1.1863333333333335,1.184,0.009533566430716785,0,2,6029312,send_recv,2,8
281,1.185,1.197,1.1896666666666667,1.187,0.005249338582674546,0,2,6062080,send_recv,2,8
282,1.193,1.217,1.206,1.208,0.009899494936611667,0,2,6094848,send_recv,2,8
283,1.196,1.233,1.2126666666666666,1.209,0.015326085243430251,0,2,6127616,send_recv,2,8
284,1.213,1.226,1.219,1.218,0.0053541261347363,0,2,6160384,send_recv,2,8
285,1.219,1.219,1.219,1.219,0.0,0,2,6193152,send_recv,2,8
286,1.217,1.231,1.226,1.23,0.0063770421565696464,0,2,6225920,send_recv,2,8
287,1.23,1.244,1.2369999999999999,1.237,0.005715476066494087,0,2,6258688,send_recv,2,8
288,1.232,1.24,1.235,1.233,0.0035590260840104196,0,2,6291456,send_recv,2,8
289,1.248,1.2550000000000001,1.252,1.2530000000000001,0.0029439202887760023,0,2,6324224,send_recv,2,8
290,1.2530000000000001,1.266,1.26,1.2610000000000001,0.0053541261347363,0,2,6356992,send_recv,2,8
291,1.248,1.285,1.2696666666666667,1.276,0.015755069730795275,0,2,6389760,send_recv,2,8
292,1.272,1.283,1.2779999999999998,1.2790000000000001,0.004546060565661923,0,2,6422528,send_recv,2,8
293,1.254,1.2750000000000001,1.2673333333333334,1.2730000000000001,0.00946337971105232,0,2,6455296,send_recv,2,8
294,1.2730000000000001,1.289,1.2790000000000001,1.2750000000000001,0.007118052168020777,0,2,6488064,send_recv,2,8
295,1.27,1.299,1.288,1.295,0.012832251036613397,0,2,6520832,send_recv,2,8
296,1.296,1.313,1.3026666666666664,1.299,0.007408703590297596,0,2,6553600,send_recv,2,8
297,1.304,1.316,1.311,1.313,0.005099019513592775,0,2,6586368,send_recv,2,8
298,1.294,1.305,1.2990000000000002,1.298,0.004546060565661907,0,2,6619136,send_recv,2,8
299,1.307,1.321,1.3136666666666665,1.313,0.005734883511361756,0,2,6651904,send_recv,2,8
300,1.307,1.33,1.315,1.308,0.010614455552060476,0,2,6684672,send_recv,2,8
301,1.321,1.343,1.3333333333333333,1.336,0.009177266598624155,0,2,6717440,send_recv,2,8
302,1.33,1.343,1.3346666666666664,1.331,0.005906681715556426,0,2,6750208,send_recv,2,8
303,1.324,1.352,1.3356666666666666,1.331,0.01189771219838319,0,2,6782976,send_recv,2,8
304,1.349,1.358,1.3526666666666667,1.351,0.0038586123009301298,0,2,6815744,send_recv,2,8
305,1.34,1.363,1.3513333333333335,1.351,0.009392668535736877,0,2,6848512,send_recv,2,8
306,1.363,1.372,1.3686666666666667,1.371,0.004027681991198225,0,2,6881280,send_recv,2,8
307,1.353,1.375,1.364,1.364,0.008981462390204994,0,2,6914048,send_recv,2,8
308,1.36,1.3780000000000001,1.3693333333333335,1.37,0.007363574011458181,0,2,6946816,send_recv,2,8
309,1.3760000000000001,1.389,1.3840000000000001,1.387,0.005715476066494036,0,2,6979584,send_recv,2,8
310,1.377,1.3960000000000001,1.385,1.3820000000000001,0.008041558721209922,0,2,7012352,send_recv,2,8
311,1.389,1.411,1.3963333333333334,1.389,0.010370899457402707,0,2,7045120,send_recv,2,8
312,1.3780000000000001,1.41,1.3940000000000001,1.3940000000000001,0.013063945294843537,0,2,7077888,send_recv,2,8
313,1.4040000000000001,1.42,1.4123333333333334,1.413,0.006548960901462749,0,2,7110656,send_recv,2,8
314,1.3980000000000001,1.417,1.408666666666667,1.411,0.007930251502246837,0,2,7143424,send_recv,2,8
315,1.4020000000000001,1.424,1.4146666666666665,1.418,0.00928559218478932,0,2,7176192,send_recv,2,8
316,1.411,1.432,1.4193333333333333,1.415,0.009104333522498398,0,2,7208960,send_recv,2,8
317,1.413,1.445,1.4286666666666668,1.428,0.013072447700751732,0,2,7241728,send_recv,2,8
318,1.431,1.438,1.4356666666666669,1.438,0.0032998316455371724,0,2,7274496,send_recv,2,8
319,1.43,1.432,1.4313333333333336,1.432,0.0009428090415820641,0,2,7307264,send_recv,2,8
320,1.445,1.473,1.459666666666667,1.461,0.011469767022723513,0,2,7340032,send_recv,2,8
321,1.459,1.471,1.4640000000000002,1.462,0.005099019513592804,0,2,7372800,send_recv,2,8
322,1.451,1.466,1.4606666666666668,1.465,0.00684754619472469,0,2,7405568,send_recv,2,8
323,1.46,1.482,1.4696666666666667,1.467,0.009177266598624133,0,2,7438336,send_recv,2,8
324,1.462,1.49,1.4733333333333334,1.468,0.012036980056845203,0,2,7471104,send_recv,2,8
325,1.481,1.5010000000000001,1.4886666666666668,1.484,0.008806563209081965,0,2,7503872,send_recv,2,8
326,1.492,1.497,1.495,1.496,0.002160246899469323,0,2,7536640,send_recv,2,8
327,1.482,1.5290000000000001,1.508,1.5130000000000001,0.019510680835549264,0,2,7569408,send_recv,2,8
328,1.484,1.496,1.4893333333333334,1.488,0.004988876515698593,0,2,7602176,send_recv,2,8
329,1.5090000000000001,1.524,1.5153333333333334,1.5130000000000001,0.006342099196813437,0,2,7634944,send_recv,2,8
330,1.5030000000000001,1.506,1.5046666666666668,1.5050000000000001,0.0012472191289246088,0,2,7667712,send_recv,2,8
331,1.495,1.536,1.5220000000000002,1.5350000000000001,0.019096247449869996,0,2,7700480,send_recv,2,8
332,1.51,1.5250000000000001,1.5166666666666668,1.5150000000000001,0.006236095644623281,0,2,7733248,send_recv,2,8
333,1.5170000000000001,1.55,1.5356666666666667,1.54,0.013816254517375101,0,2,7766016,send_recv,2,8
334,1.5070000000000001,1.539,1.5216666666666665,1.5190000000000001,0.0131993265821488,0,2,7798784,send_recv,2,8
335,1.5250000000000001,1.562,1.5483333333333336,1.558,0.016579773487261147,0,2,7831552,send_recv,2,8
336,1.5330000000000001,1.556,1.5453333333333334,1.547,0.009463379711052213,0,2,7864320,send_recv,2,8
337,1.551,1.573,1.5643333333333331,1.569,0.009568466729604892,0,2,7897088,send_recv,2,8
338,1.563,1.582,1.5716666666666665,1.57,0.007845734863959928,0,2,7929856,send_recv,2,8
339,1.551,1.578,1.5653333333333332,1.567,0.011085526098877314,0,2,7962624,send_recv,2,8
340,1.566,1.581,1.5733333333333335,1.573,0.006128258770283373,0,2,7995392,send_recv,2,8
341,1.57,1.59,1.5806666666666667,1.582,0.008219218670625309,0,2,8028160,send_recv,2,8
342,1.579,1.598,1.587,1.584,0.008041558721209922,0,2,8060928,send_recv,2,8
343,1.583,1.597,1.5893333333333333,1.588,0.005792715732327586,0,2,8093696,send_recv,2,8
344,1.571,1.614,1.5970000000000002,1.606,0.018672618098881294,0,2,8126464,send_recv,2,8
345,1.6,1.613,1.6056666666666668,1.604,0.005436502143433318,0,2,8159232,send_recv,2,8
346,1.618,1.643,1.6300000000000001,1.629,0.010230672835481836,0,2,8192000,send_recv,2,8
347,1.618,1.6300000000000001,1.6236666666666668,1.623,0.004921607686744476,0,2,8224768,send_recv,2,8
348,1.6280000000000001,1.633,1.6306666666666667,1.631,0.002054804667656279,0,2,8257536,send_recv,2,8
349,1.635,1.666,1.6513333333333335,1.653,0.012710450643291715,0,2,8290304,send_recv,2,8
350,1.631,1.639,1.6346666666666667,1.6340000000000001,0.0032998316455372175,0,2,8323072,send_recv,2,8
351,1.651,1.657,1.6546666666666667,1.6560000000000001,0.0026246692913372916,0,2,8355840,send_recv,2,8
352,1.6540000000000001,1.668,1.6596666666666666,1.657,0.006018490028422516,0,2,8388608,send_recv,2,8
353,1.657,1.681,1.6666666666666667,1.6620000000000001,0.010338708279513874,0,2,8421376,send_recv,2,8
354,1.6540000000000001,1.675,1.6616666666666668,1.6560000000000001,0.009463379711052216,0,2,8454144,send_recv,2,8
355,1.651,1.683,1.6663333333333334,1.665,0.01309792180292568,0,2,8486912,send_recv,2,8
356,1.6640000000000001,1.686,1.6770000000000003,1.681,0.00941629792788361,0,2,8519680,send_recv,2,8
357,1.679,1.706,1.6906666666666668,1.687,0.01132352516764198,0,2,8552448,send_recv,2,8
358,1.685,1.709,1.6940000000000002,1.688,0.010677078252031342,0,2,8585216,send_recv,2,8
359,1.691,1.729,1.707,1.701,0.016083117442419772,0,2,8617984,send_recv,2,8
360,1.68,1.732,1.7056666666666667,1.705,0.021234144411510662,0,2,8650752,send_recv,2,8
361,1.695,1.74,1.7146666666666668,1.709,0.018803073034893904,0,2,8683520,send_recv,2,8
362,1.695,1.732,1.7186666666666668,1.729,0.016779617264870945,0,2,8716288,send_recv,2,8
363,1.717,1.7610000000000001,1.7353333333333334,1.728,0.018696404883173576,0,2,8749056,send_recv,2,8
364,1.709,1.736,1.727,1.736,0.012727922061357814,0,2,8781824,send_recv,2,8
365,1.722,1.7550000000000001,1.7403333333333333,1.744,0.01371941041817117,0,2,8814592,send_recv,2,8
366,1.74,1.7690000000000001,1.7550000000000001,1.756,0.011860297916438185,0,2,8847360,send_recv,2,8
367,1.72,1.7810000000000001,1.7540000000000002,1.7610000000000001,0.025390286856722795,0,2,8880128,send_recv,2,8
368,1.756,1.772,1.7636666666666667,1.7630000000000001,0.006548960901462836,0,2,8912896,send_recv,2,8
369,1.7690000000000001,1.784,1.7763333333333335,1.776,0.006128258770283373,0,2,8945664,send_recv,2,8
370,1.7590000000000001,1.7810000000000001,1.769666666666667,1.7690000000000001,0.008993825042154702,0,2,8978432,send_recv,2,8
371,1.7670000000000001,1.814,1.7850000000000001,1.774,0.02070426687102603,0,2,9011200,send_recv,2,8
372,1.772,1.808,1.7853333333333332,1.776,0.01611072796479278,0,2,9043968,send_recv,2,8
373,1.7890000000000001,1.812,1.7990000000000002,1.796,0.009626352718795738,0,2,9076736,send_recv,2,8
374,1.77,1.792,1.7826666666666668,1.786,0.00928559218478942,0,2,9109504,send_recv,2,8
375,1.8,1.813,1.8070000000000002,1.808,0.0053541261347363,0,2,9142272,send_recv,2,8
376,1.799,1.823,1.8086666666666666,1.804,0.010338708279513874,0,2,9175040,send_recv,2,8
377,1.815,1.828,1.8236666666666668,1.828,0.00612825877028347,0,2,9207808,send_recv,2,8
378,1.795,1.837,1.8166666666666664,1.818,0.017172329163188362,0,2,9240576,send_recv,2,8
379,1.811,1.847,1.8243333333333334,1.815,0.016110727964792775,0,2,9273344,send_recv,2,8
380,1.814,1.834,1.8246666666666667,1.826,0.008219218670625309,0,2,9306112,send_recv,2,8
381,1.845,1.849,1.8473333333333333,1.848,0.001699673171197611,0,2,9338880,send_recv,2,8
382,1.829,1.869,1.8446666666666667,1.836,0.01744196726926817,0,2,9371648,send_recv,2,8
383,1.844,1.851,1.8466666666666667,1.845,0.0030912061651652053,0,2,9404416,send_recv,2,8
384,1.863,1.87,1.8656666666666668,1.864,0.0030912061651652695,0,2,9437184,send_recv,2,8
385,1.865,1.8920000000000001,1.8816666666666668,1.8880000000000001,0.011897712198383228,0,2,9469952,send_recv,2,8
386,1.8860000000000001,1.897,1.8896666666666668,1.8860000000000001,0.005185449728701301,0,2,9502720,send_recv,2,8
387,1.865,1.9100000000000001,1.8870000000000002,1.8860000000000001,0.018384776310850295,0,2,9535488,send_recv,2,8
388,1.875,1.8940000000000001,1.8873333333333333,1.893,0.008730533902472566,0,2,9568256,send_recv,2,8
389,1.8820000000000001,1.893,1.8873333333333335,1.887,0.004496912521077308,0,2,9601024,send_recv,2,8
390,1.893,1.9180000000000001,1.909,1.9160000000000001,0.011343133018115766,0,2,9633792,send_recv,2,8
391,1.8920000000000001,1.9020000000000001,1.8966666666666667,1.8960000000000001,0.0041096093353126546,0,2,9666560,send_recv,2,8
392,1.903,1.9180000000000001,1.9116666666666668,1.9140000000000001,0.006342099196813539,0,2,9699328,send_recv,2,8
393,1.9080000000000001,1.933,1.9206666666666667,1.921,0.010208928554075666,0,2,9732096,send_recv,2,8
394,1.924,1.934,1.9286666666666665,1.928,0.0041096093353126546,0,2,9764864,send_recv,2,8
395,1.9040000000000001,1.962,1.933,1.933,0.023678400846903987,0,2,9797632,send_recv,2,8
396,1.9140000000000001,1.939,1.93,1.937,0.011343133018115662,0,2,9830400,send_recv,2,8
397,1.949,1.964,1.9560000000000002,1.955,0.006164414002968933,0,2,9863168,send_recv,2,8
398,1.909,1.958,1.937,1.944,0.02060744202143161,0,2,9895936,send_recv,2,8
399,1.962,1.986,1.974,1.974,0.00979795897113272,0,2,9928704,send_recv,2,8
400,1.948,1.96,1.955,1.957,0.005099019513592804,0,2,9961472,send_recv,2,8
401,1.961,1.988,1.9736666666666667,1.972,0.011085526098877228,0,2,9994240,send_recv,2,8
402,1.969,1.983,1.9773333333333334,1.98,0.006018490028422586,0,2,10027008,send_recv,2,8
403,1.972,1.979,1.9756666666666665,1.976,0.002867441755680921,0,2,10059776,send_recv,2,8
404,1.973,2.0140000000000002,1.9896666666666667,1.982,0.017594190960528947,0,2,10092544,send_recv,2,8
405,1.991,2.008,1.9989999999999999,1.998,0.0069761498454854135,0,2,10125312,send_recv,2,8
406,1.992,2.0180000000000002,2.0020000000000002,1.996,0.011430952132988278,0,2,10158080,send_recv,2,8
407,2.004,2.016,2.0109999999999997,2.013,0.005099019513592775,0,2,10190848,send_recv,2,8
408,2.0180000000000002,2.033,2.026666666666667,2.029,0.006342099196813336,0,2,10223616,send_recv,2,8
409,2.013,2.031,2.0220000000000002,2.0220000000000002,0.007348469228349632,0,2,10256384,send_recv,2,8
410,2.017,2.047,2.0323333333333333,2.033,0.012256517540566924,0,2,10289152,send_recv,2,8
411,2.036,2.058,2.047,2.047,0.008981462390204904,0,2,10321920,send_recv,2,8
412,2.036,2.068,2.057,2.067,0.014854853303438166,0,2,10354688,send_recv,2,8
413,2.031,2.07,2.0536666666666665,2.06,0.016539514973406926,0,2,10387456,send_recv,2,8
414,2.029,2.073,2.0563333333333333,2.067,0.01948218559493667,0,2,10420224,send_recv,2,8
415,2.048,2.063,2.0573333333333337,2.061,0.006649979114420018,0,2,10452992,send_recv,2,8
416,2.055,2.074,2.0636666666666663,2.062,0.007845734863959765,0,2,10485760,send_recv,2,8
417,2.068,2.098,2.079333333333333,2.072,0.013299958228839911,0,2,10518528,send_recv,2,8
418,2.062,2.101,2.0786666666666664,2.073,0.016418147141366385,0,2,10551296,send_recv,2,8
419,2.05,2.097,2.0693333333333332,2.061,0.020072092289766183,0,2,10584064,send_recv,2,8
420,2.088,2.104,2.0943333333333336,2.091,0.006944222218666541,0,2,10616832,send_recv,2,8
421,2.115,2.132,2.122,2.119,0.007257180352359036,0,2,10649600,send_recv,2,8
422,2.075,2.1270000000000002,2.0993333333333335,2.096,0.021359359124801084,0,2,10682368,send_recv,2,8
423,2.084,2.136,2.106,2.098,0.02196967607104549,0,2,10715136,send_recv,2,8
424,2.109,2.122,2.1156666666666664,2.116,0.005312459150169705,0,2,10747904,send_recv,2,8
425,2.11,2.132,2.124333333333333,2.1310000000000002,0.010143416036468764,0,2,10780672,send_recv,2,8
426,2.099,2.126,2.114333333333333,2.118,0.011323525167641879,0,2,10813440,send_recv,2,8
427,2.134,2.173,2.1536666666666666,2.154,0.015923427883328307,0,2,10846208,send_recv,2,8
428,2.142,2.1710000000000003,2.1540000000000004,2.149,0.01235583532856724,0,2,10878976,send_recv,2,8
429,2.14,2.177,2.157,2.154,0.015253414918196713,0,2,10911744,send_recv,2,8
430,2.157,2.173,2.1656666666666666,2.1670000000000003,0.006599663291074464,0,2,10944512,send_recv,2,8
431,2.157,2.165,2.162,2.164,0.003559026084010461,0,2,10977280,send_recv,2,8
432,2.174,2.183,2.1776666666666666,2.176,0.0038586123009299953,0,2,11010048,send_recv,2,8
433,2.165,2.206,2.1893333333333334,2.197,0.017594190960528843,0,2,11042816,send_recv,2,8
434,2.168,2.198,2.1856666666666666,2.191,0.012814921857827285,0,2,11075584,send_recv,2,8
435,2.172,2.21,2.1933333333333334,2.198,0.015860503004493674,0,2,11108352,send_recv,2,8
436,2.169,2.176,2.173,2.174,0.0029439202887759767,0,2,11141120,send_recv,2,8
437,2.202,2.223,2.2096666666666667,2.204,0.009463379711052171,0,2,11173888,send_recv,2,8
438,2.208,2.22,2.214666666666667,2.216,0.004988876515698593,0,2,11206656,send_recv,2,8
439,2.204,2.232,2.216666666666667,2.214,0.011585431464655205,0,2,11239424,send_recv,2,8
440,2.204,2.229,2.22,2.227,0.011343133018115617,0,2,11272192,send_recv,2,8
441,2.212,2.24,2.2243333333333335,2.221,0.011671427600007752,0,2,11304960,send_recv,2,8
442,2.232,2.235,2.2336666666666667,2.234,0.0012472191289245099,0,2,11337728,send_recv,2,8
443,2.246,2.257,2.25,2.247,0.0049665548085838585,0,2,11370496,send_recv,2,8
444,2.203,2.271,2.2356666666666665,2.233,0.027824849006278962,0,2,11403264,send_recv,2,8
445,2.2640000000000002,2.273,2.2676666666666665,2.266,0.0038586123009300595,0,2,11436032,send_recv,2,8
446,2.243,2.285,2.268666666666667,2.278,0.018372685039360993,0,2,11468800,send_recv,2,8
447,2.266,2.295,2.279,2.2760000000000002,0.012027745701779086,0,2,11501568,send_recv,2,8
448,2.258,2.274,2.2680000000000002,2.2720000000000002,0.0071180521680209215,0,2,11534336,send_recv,2,8
449,2.235,2.285,2.260666666666667,2.262,0.02043417616532558,0,2,11567104,send_recv,2,8
450,2.278,2.285,2.2823333333333338,2.2840000000000003,0.003091206165165309,0,2,11599872,send_recv,2,8
451,2.267,2.308,2.284,2.277,0.017454703282114663,0,2,11632640,send_recv,2,8
452,2.301,2.306,2.303,2.302,0.0021602468994692545,0,2,11665408,send_recv,2,8
453,2.295,2.331,2.310333333333333,2.305,0.015173075568988044,0,2,11698176,send_recv,2,8
454,2.287,2.302,2.292666666666667,2.289,0.006649979114420018,0,2,11730944,send_recv,2,8
455,2.319,2.337,2.3253333333333335,2.32,0.008259674462242714,0,2,11763712,send_recv,2,8
456,2.332,2.346,2.3383333333333334,2.337,0.005792715732327667,0,2,11796480,send_recv,2,8
457,2.308,2.345,2.328,2.331,0.015253414918196878,0,2,11829248,send_recv,2,8
458,2.329,2.343,2.3366666666666664,2.338,0.0057927157323275046,0,2,11862016,send_recv,2,8
459,2.31,2.343,2.331,2.34,0.014899664425751278,0,2,11894784,send_recv,2,8
460,2.331,2.367,2.3523333333333336,2.359,0.015434449203720314,0,2,11927552,send_recv,2,8
461,2.327,2.367,2.3486666666666665,2.352,0.016499158227686116,0,2,11960320,send_recv,2,8
462,2.344,2.358,2.3526666666666665,2.356,0.006182412330330539,0,2,11993088,send_recv,2,8
463,2.366,2.3810000000000002,2.375666666666667,2.38,0.0068475461947247,0,2,12025856,send_recv,2,8
464,2.361,2.3890000000000002,2.376333333333333,2.379,0.011585431464655172,0,2,12058624,send_recv,2,8
465,2.368,2.398,2.3783333333333334,2.369,0.013912424503139514,0,2,12091392,send_recv,2,8
466,2.3770000000000002,2.404,2.391,2.392,0.011045361017187129,0,2,12124160,send_recv,2,8
467,2.392,2.414,2.406333333333333,2.4130000000000003,0.010143416036468764,0,2,12156928,send_recv,2,8
468,2.384,2.4,2.393666666666667,2.3970000000000002,0.0069442222186666125,0,2,12189696,send_recv,2,8
469,2.399,2.4210000000000003,2.412,2.416,0.009416297927883753,0,2,12222464,send_recv,2,8
470,2.3970000000000002,2.43,2.4166666666666665,2.423,0.014197026292697847,0,2,12255232,send_recv,2,8
471,2.414,2.439,2.4256666666666664,2.424,0.0102740233382816,0,2,12288000,send_recv,2,8
472,2.433,2.439,2.436,2.436,0.002449489742783271,0,2,12320768,send_recv,2,8
473,2.434,2.455,2.4426666666666668,2.439,0.008956685895029574,0,2,12353536,send_recv,2,8
474,2.43,2.452,2.4386666666666668,2.434,0.009568466729604787,0,2,12386304,send_recv,2,8
475,2.438,2.464,2.452666666666667,2.456,0.010873004286866637,0,2,12419072,send_recv,2,8
476,2.448,2.456,2.451333333333333,2.45,0.0033993463423951636,0,2,12451840,send_recv,2,8
477,2.442,2.468,2.456,2.458,0.0107082522694726,0,2,12484608,send_recv,2,8
478,2.428,2.483,2.4603333333333333,2.47,0.023471022323045345,0,2,12517376,send_recv,2,8
479,2.464,2.479,2.47,2.467,0.0064807406984079005,0,2,12550144,send_recv,2,8
480,2.446,2.483,2.462666666666667,2.459,0.015326085243430172,0,2,12582912,send_recv,2,8
481,2.47,2.513,2.487666666666667,2.48,0.018372685039360785,0,2,12615680,send_recv,2,8
482,2.484,2.5260000000000002,2.5043333333333333,2.503,0.01717232916318845,0,2,12648448,send_recv,2,8
483,2.499,2.517,2.5066666666666664,2.504,0.007586537784493947,0,2,12681216,send_recv,2,8
484,2.491,2.5260000000000002,2.5086666666666666,2.509,0.014290634073484068,0,2,12713984,send_recv,2,8
485,2.516,2.553,2.536,2.539,0.015253414918196713,0,2,12746752,send_recv,2,8
486,2.489,2.5180000000000002,2.505666666666667,2.5100000000000002,0.01222929088522959,0,2,12779520,send_recv,2,8
487,2.503,2.5340000000000003,2.519666666666667,2.5220000000000002,0.012762793146051159,0,2,12812288,send_recv,2,8
488,2.509,2.5500000000000003,2.529,2.528,0.016753109164172237,0,2,12845056,send_recv,2,8
489,2.489,2.54,2.523,2.54,0.02404163056034269,0,2,12877824,send_recv,2,8
490,2.533,2.551,2.5446666666666666,2.5500000000000003,0.008259674462242714,0,2,12910592,send_recv,2,8
491,2.5340000000000003,2.562,2.5463333333333336,2.543,0.011671427600007554,0,2,12943360,send_recv,2,8
492,2.555,2.569,2.561,2.559,0.0058878405775518025,0,2,12976128,send_recv,2,8
493,2.56,2.589,2.574,2.573,0.011860297916438098,0,2,13008896,send_recv,2,8
494,2.563,2.578,2.5723333333333334,2.576,0.006649979114419892,0,2,13041664,send_recv,2,8
495,2.553,2.601,2.577,2.577,0.01959591794226544,0,2,13074432,send_recv,2,8
496,2.567,2.603,2.583,2.579,0.014966629547095779,0,2,13107200,send_recv,2,8
497,2.579,2.599,2.592,2.598,0.009201449161228111,0,2,13139968,send_recv,2,8
498,2.581,2.594,2.5866666666666664,2.585,0.005436502143433318,0,2,13172736,send_recv,2,8
499,2.602,2.608,2.605,2.605,0.002449489742783271,0,2,13205504,send_recv,2,8
500,2.596,2.616,2.603333333333333,2.598,0.008993825042154747,0,2,13238272,send_recv,2,8
501,2.602,2.628,2.6170000000000004,2.621,0.010984838035522818,0,2,13271040,send_recv,2,8
502,2.618,2.649,2.630666666666667,2.625,0.013274871834493298,0,2,13303808,send_recv,2,8
503,2.612,2.6670000000000003,2.6476666666666664,2.664,0.02524986248587422,0,2,13336576,send_recv,2,8
504,2.634,2.649,2.6393333333333335,2.6350000000000002,0.0068475461947247,0,2,13369344,send_recv,2,8
505,2.628,2.6310000000000002,2.6296666666666666,2.63,0.001247219128924668,0,2,13402112,send_recv,2,8
506,2.634,2.6430000000000002,2.639,2.64,0.003741657386774083,0,2,13434880,send_recv,2,8
507,2.648,2.664,2.6533333333333338,2.648,0.007542472332656513,0,2,13467648,send_recv,2,8
508,2.625,2.668,2.652,2.6630000000000003,0.019200694431886316,0,2,13500416,send_recv,2,8
509,2.6670000000000003,2.688,2.676,2.673,0.00883176086632783,0,2,13533184,send_recv,2,8
510,2.629,2.664,2.651666666666667,2.662,0.016048537489614316,0,2,13565952,send_recv,2,8
511,2.674,2.708,2.688,2.682,0.014514360704718276,0,2,13598720,send_recv,2,8
512,2.678,2.72,2.6950000000000003,2.6870000000000003,0.01805547008526786,0,2,13631488,send_recv,2,8
513,2.666,2.6870000000000003,2.6790000000000003,2.684,0.009273618495495848,0,2,13664256,send_recv,2,8
514,2.692,2.729,2.7116666666666673,2.714,0.015195028426721935,0,2,13697024,send_recv,2,8
515,2.7,2.71,2.703666666666667,2.701,0.004496912521077269,0,2,13729792,send_recv,2,8
516,2.699,2.717,2.7063333333333333,2.703,0.0077172246018602595,0,2,13762560,send_recv,2,8
517,2.691,2.715,2.7046666666666668,2.708,0.010077477638554029,0,2,13795328,send_recv,2,8
518,2.732,2.735,2.734,2.735,0.0014142135623729393,0,2,13828096,send_recv,2,8
519,2.737,2.744,2.7409999999999997,2.742,0.0029439202887759767,0,2,13860864,send_recv,2,8
520,2.727,2.747,2.739333333333333,2.744,0.008806563209082003,0,2,13893632,send_recv,2,8
521,2.713,2.765,2.746,2.7600000000000002,0.023423634787681193,0,2,13926400,send_recv,2,8
522,2.742,2.769,2.7590000000000003,2.766,0.012083045973594615,0,2,13959168,send_recv,2,8
523,2.726,2.766,2.7456666666666667,2.745,0.016336734339790476,0,2,13991936,send_recv,2,8
524,2.754,2.787,2.7743333333333333,2.782,0.014522013940527956,0,2,14024704,send_recv,2,8
525,2.753,2.806,2.778,2.775,0.021740898478827087,0,2,14057472,send_recv,2,8
526,2.7520000000000002,2.783,2.7680000000000002,2.769,0.012675435561220907,0,2,14090240,send_recv,2,8
527,2.778,2.7880000000000003,2.784333333333334,2.787,0.00449691252107739,0,2,14123008,send_recv,2,8
528,2.751,2.789,2.775,2.785,0.017048949136726013,0,2,14155776,send_recv,2,8
529,2.787,2.801,2.7933333333333334,2.7920000000000003,0.005792715732327667,0,2,14188544,send_recv,2,8
530,2.805,2.824,2.812,2.807,0.008524474568362842,0,2,14221312,send_recv,2,8
531,2.8040000000000003,2.825,2.8136666666666668,2.8120000000000003,0.008653836657164739,0,2,14254080,send_recv,2,8
532,2.801,2.813,2.8056666666666668,2.803,0.005249338582674583,0,2,14286848,send_recv,2,8
533,2.817,2.831,2.823333333333333,2.822,0.005792715732327505,0,2,14319616,send_recv,2,8
534,2.821,2.825,2.8226666666666667,2.822,0.001699673171197611,0,2,14352384,send_recv,2,8
535,2.823,2.847,2.8366666666666664,2.84,0.010077477638553978,0,2,14385152,send_recv,2,8
536,2.836,2.855,2.843,2.838,0.008524474568362963,0,2,14417920,send_recv,2,8
537,2.841,2.873,2.8546666666666667,2.85,0.013474255287605182,0,2,14450688,send_recv,2,8
538,2.829,2.866,2.848333333333333,2.85,0.015151090903151315,0,2,14483456,send_recv,2,8
539,2.86,2.888,2.869333333333333,2.86,0.0131993265821489,0,2,14516224,send_recv,2,8
540,2.863,2.882,2.875,2.88,0.008524474568362963,0,2,14548992,send_recv,2,8
541,2.861,2.878,2.8706666666666667,2.873,0.007133644853010867,0,2,14581760,send_recv,2,8
542,2.8810000000000002,2.908,2.891666666666667,2.886,0.011728408057172662,0,2,14614528,send_recv,2,8
543,2.892,2.932,2.909333333333333,2.904,0.016759740119968728,0,2,14647296,send_recv,2,8
544,2.8930000000000002,2.902,2.8989999999999996,2.902,0.004242640687119236,0,2,14680064,send_recv,2,8
545,2.882,2.95,2.9226666666666667,2.936,0.029318177903061356,0,2,14712832,send_recv,2,8
546,2.904,2.938,2.919333333333334,2.916,0.014079141387962029,0,2,14745600,send_recv,2,8
547,2.8810000000000002,2.926,2.9083333333333337,2.918,0.019601587237318842,0,2,14778368,send_recv,2,8
548,2.916,2.942,2.9286666666666665,2.928,0.010624918300339587,0,2,14811136,send_recv,2,8
549,2.9090000000000003,2.94,2.923666666666667,2.922,0.01271045064329162,0,2,14843904,send_recv,2,8
550,2.911,2.9330000000000003,2.923,2.9250000000000003,0.009092121131324009,0,2,14876672,send_recv,2,8
551,2.9410000000000003,2.969,2.9593333333333334,2.968,0.012970050972228973,0,2,14909440,send_recv,2,8
552,2.954,2.965,2.9596666666666667,2.96,0.004496912521077214,0,2,14942208,send_recv,2,8
553,2.9330000000000003,2.965,2.954,2.964,0.014854853303437957,0,2,14974976,send_recv,2,8
554,2.932,2.98,2.954333333333333,2.951,0.019737161790783296,0,2,15007744,send_recv,2,8
555,2.934,2.98,2.9546666666666668,2.95,0.019067132861433373,0,2,15040512,send_recv,2,8
556,2.944,2.971,2.9570000000000003,2.956,0.011045361017187318,0,2,15073280,send_recv,2,8
557,2.965,2.99,2.9770000000000003,2.976,0.010230672835482018,0,2,15106048,send_recv,2,8
558,2.968,3.005,2.989333333333333,2.995,0.01562761089297471,0,2,15138816,send_recv,2,8
559,2.975,3.012,2.996,3.001,0.015513435037626746,0,2,15171584,send_recv,2,8
560,2.989,3.004,2.997333333333333,2.999,0.006236095644623301,0,2,15204352,send_recv,2,8
561,2.981,3.0220000000000002,3.0050000000000003,3.012,0.017454703282114868,0,2,15237120,send_recv,2,8
562,2.995,3.0380000000000003,3.016,3.015,0.017568911937472644,0,2,15269888,send_recv,2,8
563,3.004,3.0300000000000002,3.020666666666667,3.028,0.011813363431112969,0,2,15302656,send_recv,2,8
564,2.986,3.0220000000000002,2.999333333333334,2.99,0.016110727964792775,0,2,15335424,send_recv,2,8
565,3.015,3.0420000000000003,3.030666666666667,3.035,0.011440668201153721,0,2,15368192,send_recv,2,8
566,3.013,3.061,3.0396666666666667,3.045,0.01995550606279437,0,2,15400960,send_recv,2,8
567,3.032,3.0460000000000003,3.0393333333333334,3.04,0.005734883511361842,0,2,15433728,send_recv,2,8
568,3.019,3.072,3.039,3.0260000000000002,0.02350886357667389,0,2,15466496,send_recv,2,8
569,3.035,3.067,3.0500000000000003,3.048,0.0131402688962847,0,2,15499264,send_recv,2,8
570,3.057,3.072,3.064,3.063,0.006164414002969018,0,2,15532032,send_recv,2,8
571,3.036,3.077,3.0559999999999996,3.055,0.01675310916417205,0,2,15564800,send_recv,2,8
572,3.068,3.078,3.0716666666666668,3.069,0.0044969125210772695,0,2,15597568,send_recv,2,8
573,3.077,3.11,3.089,3.08,0.014899664425751278,0,2,15630336,send_recv,2,8
574,3.082,3.11,3.0979999999999994,3.102,0.011775681155103806,0,2,15663104,send_recv,2,8
575,3.043,3.117,3.0866666666666673,3.1,0.03164736253711439,0,2,15695872,send_recv,2,8
576,3.108,3.1270000000000002,3.1170000000000004,3.116,0.007788880963698669,0,2,15728640,send_recv,2,8
577,3.085,3.114,3.1026666666666665,3.109,0.012657891697364995,0,2,15761408,send_recv,2,8
578,3.12,3.122,3.1213333333333337,3.122,0.0009428090415819595,0,2,15794176,send_recv,2,8
579,3.094,3.112,3.1046666666666667,3.108,0.0077172246018602595,0,2,15826944,send_recv,2,8
580,3.095,3.125,3.112666666666667,3.118,0.012814921857827285,0,2,15859712,send_recv,2,8
581,3.105,3.1430000000000002,3.124,3.124,0.015513435037626899,0,2,15892480,send_recv,2,8
582,3.128,3.1430000000000002,3.1336666666666666,3.13,0.0066499791144201,0,2,15925248,send_recv,2,8
583,3.116,3.149,3.1370000000000005,3.146,0.014899664425751278,0,2,15958016,send_recv,2,8
584,3.141,3.161,3.1536666666666666,3.1590000000000003,0.008993825042154747,0,2,15990784,send_recv,2,8
585,3.16,3.173,3.1656666666666666,3.164,0.005436502143433318,0,2,16023552,send_recv,2,8
586,3.1390000000000002,3.1870000000000003,3.1686666666666667,3.18,0.021171259344267224,0,2,16056320,send_recv,2,8
587,3.144,3.198,3.170666666666667,3.17,0.022050447211388234,0,2,16089088,send_recv,2,8
588,3.158,3.177,3.1660000000000004,3.1630000000000003,0.008041558721209896,0,2,16121856,send_recv,2,8
589,3.1590000000000003,3.194,3.1803333333333335,3.188,0.015282524515130097,0,2,16154624,send_recv,2,8
590,3.1590000000000003,3.1990000000000003,3.183666666666667,3.193,0.01761312641816385,0,2,16187392,send_recv,2,8
591,3.197,3.216,3.2079999999999997,3.211,0.008041558721209896,0,2,16220160,send_recv,2,8
592,3.1670000000000003,3.198,3.1846666666666668,3.189,0.013021349989749614,0,2,16252928,send_recv,2,8
593,3.165,3.219,3.201,3.219,0.025455844122715628,0,2,16285696,send_recv,2,8
594,3.202,3.208,3.205,3.205,0.002449489742783271,0,2,16318464,send_recv,2,8
595,3.222,3.238,3.231333333333333,3.234,0.006798692684790386,0,2,16351232,send_recv,2,8
596,3.224,3.262,3.238666666666667,3.23,0.01667999467092902,0,2,16384000,send_recv,2,8
597,3.232,3.263,3.244666666666667,3.239,0.013274871834493157,0,2,16416768,send_recv,2,8
598,3.221,3.251,3.236,3.236,0.01224744871391581,0,2,16449536,send_recv,2,8
599,3.239,3.259,3.2479999999999998,3.246,0.008286535263104034,0,2,16482304,send_recv,2,8
600,3.219,3.248,3.237666666666667,3.246,0.013224556283251704,0,2,16515072,send_recv,2,8
601,3.275,3.2800000000000002,3.2770000000000006,3.2760000000000002,0.0021602468994693915,0,2,16547840,send_recv,2,8
602,3.231,3.274,3.257,3.266,0.018672618098881294,0,2,16580608,send_recv,2,8
603,3.275,3.289,3.283333333333333,3.286,0.006018490028422687,0,2,16613376,send_recv,2,8
604,3.2680000000000002,3.301,3.283,3.2800000000000002,0.013638181696985819,0,2,16646144,send_recv,2,8
605,3.2840000000000003,3.302,3.2906666666666666,3.286,0.008055363982396327,0,2,16678912,send_recv,2,8
606,3.277,3.311,3.296333333333333,3.301,0.014267289706021733,0,2,16711680,send_recv,2,8
607,3.2880000000000003,3.314,3.3030000000000004,3.307,0.010984838035522616,0,2,16744448,send_recv,2,8
608,3.2960000000000003,3.317,3.3093333333333335,3.315,0.009463379711052171,0,2,16777216,send_recv,2,8
609,3.299,3.327,3.311666666666667,3.309,0.011585431464655172,0,2,16777216,send_recv,2,8
610,3.2960000000000003,3.3200000000000003,3.310333333333334,3.315,0.010338708279513841,0,2,16908288,send_recv,2,8
611,3.3280000000000003,3.352,3.341666666666667,3.345,0.010077477638553827,0,2,17039360,send_recv,2,8
612,3.372,3.419,3.389,3.376,0.021275964529644004,0,2,17170432,send_recv,2,8
613,3.37,3.406,3.392666666666667,3.402,0.01611072796479278,0,2,17301504,send_recv,2,8
614,3.415,3.452,3.439666666666666,3.452,0.017441967269268135,0,2,17432576,send_recv,2,8
615,3.431,3.478,3.456,3.459,0.019304576314093738,0,2,17563648,send_recv,2,8
616,3.463,3.508,3.486666666666667,3.489,0.018445113776342528,0,2,17694720,send_recv,2,8
617,3.459,3.503,3.4873333333333334,3.5,0.020072092289766124,0,2,17825792,send_recv,2,8
618,3.5260000000000002,3.559,3.5370000000000004,3.5260000000000002,0.015556349186104008,0,2,17956864,send_recv,2,8
619,3.5380000000000003,3.59,3.563,3.561,0.021275964529643775,0,2,18087936,send_recv,2,8
620,3.588,3.6,3.5926666666666667,3.59,0.005249338582674583,0,2,18219008,send_recv,2,8
621,3.6270000000000002,3.646,3.635333333333333,3.633,0.007930251502246759,0,2,18350080,send_recv,2,8
622,3.648,3.673,3.656333333333334,3.648,0.01178511301977575,0,2,18481152,send_recv,2,8
623,3.662,3.67,3.667333333333333,3.67,0.0037712361663282566,0,2,18612224,send_recv,2,8
624,3.669,3.7110000000000003,3.689666666666667,3.689,0.01715290710702492,0,2,18743296,send_recv,2,8
625,3.68,3.751,3.715333333333333,3.715,0.028986586936412775,0,2,18874368,send_recv,2,8
626,3.719,3.749,3.732666666666667,3.73,0.01239175353029417,0,2,19005440,send_recv,2,8
627,3.747,3.7760000000000002,3.762,3.763,0.011860297916438271,0,2,19136512,send_recv,2,8
628,3.758,3.823,3.7936666666666667,3.8000000000000003,0.026911377189252548,0,2,19267584,send_recv,2,8
629,3.8120000000000003,3.843,3.8273333333333333,3.827,0.012657891697364893,0,2,19398656,send_recv,2,8
630,3.845,3.886,3.8586666666666667,3.845,0.019327585352432265,0,2,19529728,send_recv,2,8
631,3.849,3.883,3.862666666666667,3.856,0.014659088951530641,0,2,19660800,send_recv,2,8
632,3.858,3.908,3.891,3.907,0.023338094752285668,0,2,19791872,send_recv,2,8
633,3.927,3.959,3.9393333333333334,3.932,0.014055445761538707,0,2,19922944,send_recv,2,8
634,3.923,3.959,3.9426666666666663,3.946,0.014884742374510759,0,2,20054016,send_recv,2,8
635,3.9450000000000003,4.0040000000000004,3.972,3.967,0.024344746182013707,0,2,20185088,send_recv,2,8
636,3.98,4.019,3.9930000000000003,3.98,0.018384776310850306,0,2,20316160,send_recv,2,8
637,4.002,4.011,4.007000000000001,4.008,0.0037416573867740835,0,2,20447232,send_recv,2,8
638,4.035,4.048,4.043666666666667,4.048,0.006128258770283365,0,2,20578304,send_recv,2,8
639,4.058,4.091,4.0696666666666665,4.0600000000000005,0.015107025591499575,0,2,20709376,send_recv,2,8
640,4.081,4.131,4.103333333333333,4.098,0.020757863302586985,0,2,20840448,send_recv,2,8
641,4.128,4.156,4.146333333333334,4.155,0.012970050972229072,0,2,20971520,send_recv,2,8
642,4.125,4.1770000000000005,4.1499999999999995,4.148,0.021275964529644146,0,2,21102592,send_recv,2,8
643,4.148,4.226,4.174666666666667,4.15,0.036307330144506926,0,2,21233664,send_recv,2,8
644,4.181,4.263,4.231000000000001,4.249,0.035814336049502,0,2,21364736,send_recv,2,8
645,4.187,4.228,4.206666666666666,4.205,0.016779617264870747,0,2,21495808,send_recv,2,8
646,4.239,4.285,4.256,4.244,0.020607442021431787,0,2,21626880,send_recv,2,8
647,4.248,4.305,4.270333333333333,4.258,0.024850665092820867,0,2,21757952,send_recv,2,8
648,4.3020000000000005,4.321,4.311333333333334,4.311,0.007760297817881569,0,2,21889024,send_recv,2,8
649,4.3020000000000005,4.353,4.32,4.305,0.023366642891095666,0,2,22020096,send_recv,2,8
650,4.332,4.373,4.350666666666666,4.347,0.016937794687883454,0,2,22151168,send_recv,2,8
651,4.3870000000000005,4.412,4.396,4.389,0.011343133018115499,0,2,22282240,send_recv,2,8
652,4.397,4.412,4.405333333333334,4.407,0.006236095644623103,0,2,22413312,send_recv,2,8
653,4.421,4.452,4.4383333333333335,4.442,0.012918548250050618,0,2,22544384,send_recv,2,8
654,4.449,4.4590000000000005,4.4526666666666666,4.45,0.004496912521077598,0,2,22675456,send_recv,2,8
655,4.464,4.493,4.482666666666667,4.491,0.013224556283251402,0,2,22806528,send_recv,2,8
656,4.481,4.519,4.499,4.497,0.015577761927397338,0,2,22937600,send_recv,2,8
657,4.5120000000000005,4.551,4.535,4.542,0.016673332000532882,0,2,23068672,send_recv,2,8
658,4.529,4.578,4.551666666666667,4.548,0.020171487027209847,0,2,23199744,send_recv,2,8
659,4.5760000000000005,4.613,4.594666666666666,4.595,0.015107025591499509,0,2,23330816,send_recv,2,8
660,4.572,4.612,4.594666666666667,4.6000000000000005,0.016759740119968777,0,2,23461888,send_recv,2,8
661,4.631,4.6690000000000005,4.654,4.662,0.01651262143533448,0,2,23592960,send_recv,2,8
662,4.6450000000000005,4.655,4.6513333333333335,4.654,0.004496912521077181,0,2,23724032,send_recv,2,8
663,4.698,4.714,4.704000000000001,4.7,0.007118052168020922,0,2,23855104,send_recv,2,8
664,4.704,4.7090000000000005,4.706666666666667,4.707,0.0020548046676566274,0,2,23986176,send_recv,2,8
665,4.724,4.755,4.741666666666667,4.746,0.013021349989749662,0,2,24117248,send_recv,2,8
666,4.744,4.775,4.7636666666666665,4.772,0.013960261060914868,0,2,24248320,send_recv,2,8
667,4.783,4.813,4.798000000000001,4.798,0.012247448713915629,0,2,24379392,send_recv,2,8
668,4.805,4.849,4.824000000000001,4.8180000000000005,0.018457157599876303,0,2,24510464,send_recv,2,8
669,4.808,4.857,4.834666666666667,4.839,0.020237478982214233,0,2,24641536,send_recv,2,8
670,4.876,4.896,4.883333333333334,4.878,0.008993825042154539,0,2,24772608,send_recv,2,8
671,4.89,4.916,4.903333333333333,4.904,0.010624918300339764,0,2,24903680,send_recv,2,8
672,4.861,4.94,4.9110000000000005,4.932,0.035505868059613574,0,2,25034752,send_recv,2,8
673,4.928,4.963,4.947,4.95,0.014445299120013702,0,2,25165824,send_recv,2,8
674,4.948,5.003,4.973,4.968,0.022730302828309665,0,2,25296896,send_recv,2,8
675,4.963,5.007,4.988333333333333,4.995,0.01857118436957869,0,2,25427968,send_recv,2,8
676,5.008,5.026,5.015666666666667,5.013,0.007586537784493947,0,2,25559040,send_recv,2,8
677,5.056,5.0680000000000005,5.061,5.059,0.005099019513592978,0,2,25690112,send_recv,2,8
678,5.039,5.102,5.072,5.075,0.02580697580112814,0,2,25821184,send_recv,2,8
679,5.069,5.1530000000000005,5.110666666666667,5.11,0.03429609631171216,0,2,25952256,send_recv,2,8
680,5.109,5.175,5.135,5.121,0.028705400188814498,0,2,26083328,send_recv,2,8
681,5.135,5.165,5.153,5.159,0.012961481396815801,0,2,26214400,send_recv,2,8
682,5.175,5.192,5.1816666666666675,5.178,0.007408703590297766,0,2,26345472,send_recv,2,8
683,5.198,5.207,5.203,5.204,0.0037416573867736875,0,2,26476544,send_recv,2,8
684,5.215,5.232,5.220666666666666,5.215,0.008013876853447703,0,2,26607616,send_recv,2,8
685,5.243,5.2540000000000004,5.246666666666667,5.243,0.005185449728701406,0,2,26738688,send_recv,2,8
686,5.289,5.319,5.301,5.295,0.0129614813968158,0,2,26869760,send_recv,2,8
687,5.288,5.32,5.301333333333333,5.296,0.01359738536958077,0,2,27000832,send_recv,2,8
688,5.319,5.349,5.333666666666666,5.333,0.012256517540566924,0,2,27131904,send_recv,2,8
689,5.356,5.365,5.361333333333334,5.363,0.003858612300930264,0,2,27262976,send_recv,2,8
690,5.3500000000000005,5.412,5.380333333333334,5.3790000000000004,0.025328946988683574,0,2,27394048,send_recv,2,8
691,5.373,5.425,5.397333333333333,5.394,0.02135935912480089,0,2,27525120,send_recv,2,8
692,5.397,5.478,5.428,5.409,0.03569313659514935,0,2,27656192,send_recv,2,8
693,5.463,5.484,5.474333333333334,5.476,0.008653836657164739,0,2,27787264,send_recv,2,8
694,5.445,5.462,5.454666666666667,5.457,0.007133644853010667,0,2,27918336,send_recv,2,8
695,5.494,5.524,5.511,5.515,0.012569805089976611,0,2,28049408,send_recv,2,8
696,5.531,5.571,5.5473333333333334,5.54,0.017133463034528496,0,2,28180480,send_recv,2,8
697,5.548,5.604,5.581666666666666,5.593,0.0242257897474755,0,2,28311552,send_recv,2,8
698,5.587,5.611,5.602333333333334,5.609,0.01087300428686678,0,2,28442624,send_recv,2,8
699,5.569,5.63,5.592333333333333,5.578,0.02688659310676762,0,2,28573696,send_recv,2,8
700,5.633,5.676,5.652333333333334,5.648,0.017820088539498305,0,2,28704768,send_recv,2,8
701,5.63,5.6770000000000005,5.654,5.655,0.01920069443188647,0,2,28835840,send_recv,2,8
702,5.695,5.708,5.7026666666666666,5.705,0.005557777333510961,0,2,28966912,send_recv,2,8
703,5.674,5.735,5.713666666666668,5.732,0.028075295585660704,0,2,29097984,send_recv,2,8
704,5.681,5.7700000000000005,5.734666666666667,5.753,0.03857748335781162,0,2,29229056,send_recv,2,8
705,5.739,5.793,5.769666666666667,5.777,0.02264705033528416,0,2,29360128,send_recv,2,8
706,5.7940000000000005,5.824,5.808333333333334,5.807,0.012283683848458585,0,2,29491200,send_recv,2,8
707,5.82,5.823,5.821333333333333,5.821,0.0012472191289247471,0,2,29622272,send_recv,2,8
708,5.853,5.8870000000000005,5.870333333333334,5.871,0.013888444437333397,0,2,29753344,send_recv,2,8
709,5.857,5.86,5.859000000000001,5.86,0.0014142135623731486,0,2,29884416,send_recv,2,8
710,5.8740000000000006,5.95,5.915333333333334,5.922,0.031382939455839316,0,2,30015488,send_recv,2,8
711,5.894,5.944,5.924,5.934,0.021602468994692817,0,2,30146560,send_recv,2,8
712,5.932,5.969,5.950333333333333,5.95,0.015107025591499517,0,2,30277632,send_recv,2,8
713,5.929,5.968,5.953333333333333,5.963,0.017326921891155915,0,2,30408704,send_recv,2,8
714,6.001,6.026,6.014333333333333,6.016,0.010274023338281408,0,2,30539776,send_recv,2,8
715,6.003,6.021,6.012666666666667,6.014,0.007408703590297553,0,2,30670848,send_recv,2,8
716,5.998,6.039,6.020666666666666,6.025,0.01701633202413345,0,2,30801920,send_recv,2,8
717,6.1000000000000005,6.1160000000000005,6.1066666666666665,6.104,0.006798692684790444,0,2,30932992,send_recv,2,8
718,6.088,6.111,6.097666666666666,6.094,0.009741092797468135,0,2,31064064,send_recv,2,8
719,6.098,6.114,6.103666666666666,6.099,0.007318166133366652,0,2,31195136,send_recv,2,8
720,6.151,6.168,6.161333333333332,6.165,0.0074087035902977655,0,2,31326208,send_recv,2,8
721,6.144,6.195,6.175666666666667,6.188,0.02257333727111599,0,2,31457280,send_recv,2,8
722,6.187,6.198,6.191333333333334,6.189,0.004784233364802533,0,2,31588352,send_recv,2,8
723,6.216,6.246,6.233666666666667,6.239,0.012814921857827427,0,2,31719424,send_recv,2,8
724,6.235,6.261,6.2443333333333335,6.237,0.011813363431112852,0,2,31850496,send_recv,2,8
725,6.244,6.3340000000000005,6.286333333333332,6.281,0.036935379004719125,0,2,31981568,send_recv,2,8
726,6.296,6.315,6.307666666666667,6.312,0.008339997335464576,0,2,32112640,send_recv,2,8
727,6.316,6.356,6.330666666666667,6.32,0.017987650084309317,0,2,32243712,send_recv,2,8
728,6.352,6.397,6.374,6.373,0.01838477631085021,0,2,32374784,send_recv,2,8
729,6.382000000000001,6.428,6.401666666666667,6.3950000000000005,0.019362047641943204,0,2,32505856,send_recv,2,8
730,6.4,6.4590000000000005,6.423000000000001,6.41,0.025781130050226125,0,2,32636928,send_recv,2,8
731,6.416,6.479,6.441333333333334,6.429,0.027157974069424794,0,2,32768000,send_recv,2,8
732,6.4430000000000005,6.5200000000000005,6.478333333333334,6.472,0.031752515210959606,0,2,32899072,send_recv,2,8
733,6.4670000000000005,6.517,6.491666666666667,6.4910000000000005,0.020417857108151333,0,2,33030144,send_recv,2,8
734,6.492,6.575,6.520333333333333,6.494,0.0386637929966642,0,2,33161216,send_recv,2,8
735,6.531,6.566,6.5473333333333334,6.545,0.014383632673594327,0,2,33292288,send_recv,2,8
736,6.523000000000001,6.566,6.547666666666667,6.554,0.018116904322267972,0,2,33423360,send_recv,2,8
737,6.567,6.62,6.5873333333333335,6.575,0.02332857094256356,0,2,33554432,send_recv,2,8
738,6.631,6.6450000000000005,6.6370000000000005,6.635,0.005887840577552054,0,2,33685504,send_recv,2,8
739,6.617,6.642,6.629333333333334,6.6290000000000004,0.010208928554075845,0,2,33816576,send_recv,2,8
740,6.638,6.675,6.658333333333334,6.662,0.015326085243430172,0,2,33947648,send_recv,2,8
741,6.682,6.756,6.728333333333334,6.747,0.03296799795087472,0,2,34078720,send_recv,2,8
742,6.692,6.721,6.705000000000001,6.702,0.012027745701779124,0,2,34209792,send_recv,2,8
743,6.736,6.771,6.749,6.74,0.015641824275533404,0,2,34340864,send_recv,2,8
744,6.7330000000000005,6.777,6.751333333333334,6.744,0.018696404883173458,0,2,34471936,send_recv,2,8
745,6.788,6.809,6.795000000000001,6.788,0.009899494936611622,0,2,34603008,send_recv,2,8
746,6.8500000000000005,6.876,6.862000000000001,6.86,0.0107082522694726,0,2,34734080,send_recv,2,8
747,6.798,6.852,6.830666666666667,6.8420000000000005,0.023456816114345736,0,2,34865152,send_recv,2,8
748,6.864,6.8950000000000005,6.876333333333334,6.87,0.01342468704373508,0,2,34996224,send_recv,2,8
749,6.867,6.97,6.911666666666666,6.898000000000001,0.04314574782705175,0,2,35127296,send_recv,2,8
750,6.907,6.953,6.931333333333334,6.934,0.018873850222522862,0,2,35258368,send_recv,2,8
751,6.929,6.95,6.937333333333334,6.933,0.009104333522498469,0,2,35389440,send_recv,2,8
752,6.937,6.978,6.952333333333333,6.942,0.018263503375736744,0,2,35520512,send_recv,2,8
753,7.01,7.037,7.020333333333333,7.014,0.011897712198383148,0,2,35651584,send_recv,2,8
754,7.008,7.09,7.0409999999999995,7.025,0.03533647784749717,0,2,35782656,send_recv,2,8
755,7.038,7.053,7.047,7.05,0.006480740698407695,0,2,35913728,send_recv,2,8
756,7.081,7.097,7.089333333333333,7.09,0.0065489609014628206,0,2,36044800,send_recv,2,8
757,7.104,7.1240000000000006,7.115666666666667,7.119,0.008498365855988083,0,2,36175872,send_recv,2,8
758,7.128,7.165,7.145333333333333,7.143,0.015195028426721957,0,2,36306944,send_recv,2,8
759,7.157,7.188,7.171333333333333,7.1690000000000005,0.012762793146050938,0,2,36438016,send_recv,2,8
760,7.140000000000001,7.21,7.178666666666667,7.186,0.029044027881055687,0,2,36569088,send_recv,2,8
761,7.168,7.2330000000000005,7.197666666666667,7.192,0.02683695627716063,0,2,36700160,send_recv,2,8
762,7.239,7.265000000000001,7.254666666666666,7.26,0.011264496832477397,0,2,36831232,send_recv,2,8
763,7.272,7.289000000000001,7.280333333333334,7.28,0.006944222218666698,0,2,36962304,send_recv,2,8
764,7.251,7.353,7.298333333333333,7.291,0.04196294661828299,0,2,37093376,send_recv,2,8
765,7.269,7.36,7.309333333333334,7.299,0.037862323694611774,0,2,37224448,send_recv,2,8
766,7.329,7.367,7.349666666666667,7.353,0.015691469727919856,0,2,37355520,send_recv,2,8
767,7.349,7.4030000000000005,7.38,7.388,0.02275961335348214,0,2,37486592,send_recv,2,8
768,7.3950000000000005,7.421,7.404333333333334,7.397,0.011813363431112852,0,2,37617664,send_recv,2,8
769,7.368,7.448,7.402000000000001,7.390000000000001,0.033744135292916706,0,2,37748736,send_recv,2,8
770,7.3740000000000006,7.462,7.425333333333334,7.44,0.037392809766346805,0,2,37879808,send_recv,2,8
771,7.449,7.492,7.476666666666667,7.489,0.01960158723731892,0,2,38010880,send_recv,2,8
772,7.4670000000000005,7.5280000000000005,7.494,7.487,0.02539028685672274,0,2,38141952,send_recv,2,8
773,7.498,7.557,7.531,7.538,0.024589970855344045,0,2,38273024,send_recv,2,8
774,7.513,7.556,7.533333333333334,7.531000000000001,0.017632041540584294,0,2,38404096,send_recv,2,8
775,7.563,7.588,7.576333333333333,7.578,0.010274023338281792,0,2,38535168,send_recv,2,8
776,7.601,7.657,7.631333333333333,7.636,0.02309882151876058,0,2,38666240,send_recv,2,8
777,7.613,7.694,7.644333333333333,7.626,0.03551838334659308,0,2,38797312,send_recv,2,8
778,7.627,7.673,7.649666666666666,7.649,0.018785337071473934,0,2,38928384,send_recv,2,8
779,7.65,7.671,7.657000000000001,7.65,0.009899494936611622,0,2,39059456,send_recv,2,8
780,7.695,7.736,7.718333333333334,7.724,0.01721110752456726,0,2,39190528,send_recv,2,8
781,7.705,7.767,7.73,7.718,0.02669581740023471,0,2,39321600,send_recv,2,8
782,7.7,7.772,7.738333333333333,7.743,0.029578520735305387,0,2,39452672,send_recv,2,8
783,7.743,7.817,7.771666666666667,7.755,0.03242769735204083,0,2,39583744,send_recv,2,8
784,7.735,7.766,7.754333333333334,7.7620000000000005,0.013767917618708861,0,2,39714816,send_recv,2,8
785,7.8340000000000005,7.8420000000000005,7.837000000000001,7.835,0.0035590260840105445,0,2,39845888,send_recv,2,8
786,7.837,7.862,7.847666666666666,7.844,0.010530379332620972,0,2,39976960,send_recv,2,8
787,7.841,7.912,7.873,7.8660000000000005,0.029405214956987783,0,2,40108032,send_recv,2,8
788,7.914000000000001,7.936,7.923333333333333,7.92,0.009285592184789198,0,2,40239104,send_recv,2,8
789,7.884,7.949,7.919666666666667,7.926,0.02691137718925235,0,2,40370176,send_recv,2,8
790,7.953,7.957,7.954999999999999,7.955,0.0016329931618552724,0,2,40501248,send_recv,2,8
791,7.965,8.03,7.989,7.972,0.02913188402192084,0,2,40632320,send_recv,2,8
792,7.984,8.024000000000001,8.007333333333333,8.014,0.016996731711976167,0,2,40763392,send_recv,2,8
793,7.995,8.067,8.032333333333334,8.035,0.029454296045832724,0,2,40894464,send_recv,2,8
794,8.071,8.091,8.079,8.075,0.008640987597877018,0,2,41025536,send_recv,2,8
795,8.082,8.105,8.093,8.092,0.009416297927883564,0,2,41156608,send_recv,2,8
796,8.084,8.136000000000001,8.105333333333332,8.096,0.02223110933404466,0,2,41287680,send_recv,2,8
797,8.138,8.174,8.150666666666666,8.14,0.016519348924484818,0,2,41418752,send_recv,2,8
798,8.125,8.227,8.168999999999999,8.155,0.042801869118065605,0,2,41549824,send_recv,2,8
799,8.173,8.202,8.191666666666668,8.2,0.013224556283251402,0,2,41680896,send_recv,2,8
800,8.165000000000001,8.253,8.211666666666666,8.217,0.03612324582438385,0,2,41811968,send_recv,2,8
801,8.207,8.277000000000001,8.250666666666667,8.268,0.031094837013383638,0,2,41943040,send_recv,2,8
802,8.277000000000001,8.295,8.287666666666668,8.291,0.00771722460185971,0,2,42074112,send_recv,2,8
803,8.248,8.279,8.267999999999999,8.277000000000001,0.014165686240584362,0,2,42205184,send_recv,2,8
804,8.267,8.289,8.277,8.275,0.009092121131323945,0,2,42336256,send_recv,2,8
805,8.263,8.402000000000001,8.331999999999999,8.331,0.05675091776056771,0,2,42467328,send_recv,2,8
806,8.357,8.397,8.370666666666667,8.358,0.01862495339293215,0,2,42598400,send_recv,2,8
807,8.357,8.484,8.411,8.392,0.05355993527504209,0,2,42729472,send_recv,2,8
808,8.351,8.432,8.392000000000001,8.393,0.03307567081708226,0,2,42860544,send_recv,2,8
809,8.447000000000001,8.465,8.455333333333334,8.454,0.007408703590297166,0,2,42991616,send_recv,2,8
810,8.458,8.518,8.488333333333335,8.489,0.024499433100017485,0,2,43122688,send_recv,2,8
811,8.469,8.498,8.484666666666667,8.487,0.011953614051360752,0,2,43253760,send_recv,2,8
812,8.497,8.56,8.538000000000002,8.557,0.02901723625709408,0,2,43384832,send_recv,2,8
813,8.552,8.556000000000001,8.554666666666668,8.556000000000001,0.0018856180831647565,0,2,43515904,send_recv,2,8
814,8.549,8.571,8.556666666666667,8.55,0.010143416036468471,0,2,43646976,send_recv,2,8
815,8.602,8.607,8.603666666666667,8.602,0.0023570226039546895,0,2,43778048,send_recv,2,8
816,8.591,8.662,8.620666666666667,8.609,0.03013672547278915,0,2,43909120,send_recv,2,8
817,8.646,8.694,8.664333333333333,8.653,0.021171259344267303,0,2,44040192,send_recv,2,8
818,8.658,8.692,8.680666666666667,8.692,0.016027753706895406,0,2,44171264,send_recv,2,8
819,8.681000000000001,8.724,8.703666666666667,8.706,0.017632041540583912,0,2,44302336,send_recv,2,8
820,8.717,8.74,8.729666666666667,8.732,0.009533566430716517,0,2,44433408,send_recv,2,8
821,8.722,8.753,8.737333333333334,8.737,0.012657891697365252,0,2,44564480,send_recv,2,8
822,8.77,8.814,8.795333333333334,8.802,0.01857118436957899,0,2,44695552,send_recv,2,8
823,8.784,8.835,8.814,8.823,0.02177154105707725,0,2,44826624,send_recv,2,8
824,8.789,8.847,8.817666666666668,8.817,0.02368309289110874,0,2,44957696,send_recv,2,8
825,8.831,8.895,8.866333333333332,8.873,0.026549743668986506,0,2,45088768,send_recv,2,8
826,8.824,8.885,8.859666666666667,8.870000000000001,0.02595294887976244,0,2,45219840,send_recv,2,8
827,8.870000000000001,8.908,8.883666666666665,8.873,0.017249798710580442,0,2,45350912,send_recv,2,8
828,8.896,8.965,8.929,8.926,0.028248893783650694,0,2,45481984,send_recv,2,8
829,8.963000000000001,8.99,8.972666666666667,8.965,0.012283683848458729,0,2,45613056,send_recv,2,8
830,8.961,9.009,8.991666666666667,9.005,0.02174600857373356,0,2,45744128,send_recv,2,8
831,9.01,9.057,9.040000000000001,9.053,0.0212759645296443,0,2,45875200,send_recv,2,8
832,9.037,9.056000000000001,9.044000000000002,9.039,0.008524474568363225,0,2,46006272,send_recv,2,8
833,9.027000000000001,9.053,9.043666666666667,9.051,0.011813363431112668,0,2,46137344,send_recv,2,8
834,9.076,9.146,9.105333333333334,9.094,0.02967977238606969,0,2,46268416,send_recv,2,8
835,9.085,9.132,9.114333333333333,9.126,0.02088593359709346,0,2,46399488,send_recv,2,8
836,9.084,9.171,9.126,9.123,0.035580893749314293,0,2,46530560,send_recv,2,8
837,9.126,9.189,9.155999999999999,9.153,0.0258069758011281,0,2,46661632,send_recv,2,8
838,9.184000000000001,9.225,9.210333333333333,9.222,0.01866071333637052,0,2,46792704,send_recv,2,8
839,9.157,9.191,9.179,9.189,0.015577761927397415,0,2,46923776,send_recv,2,8
840,9.201,9.237,9.219666666666667,9.221,0.014727148022916173,0,2,47054848,send_recv,2,8
841,9.252,9.278,9.266,9.268,0.0107082522694726,0,2,47185920,send_recv,2,8
842,9.265,9.319,9.290666666666667,9.288,0.022125902367034916,0,2,47316992,send_recv,2,8
843,9.311,9.339,9.323666666666666,9.321,0.011585431464655401,0,2,47448064,send_recv,2,8
844,9.326,9.4,9.354333333333333,9.337,0.03260197676351685,0,2,47579136,send_recv,2,8
845,9.304,9.346,9.329333333333333,9.338000000000001,0.018208667044996938,0,2,47710208,send_recv,2,8
846,9.361,9.414,9.382666666666665,9.373,0.022691163233489763,0,2,47841280,send_recv,2,8
847,9.384,9.466000000000001,9.413,9.389,0.037532208390483886,0,2,47972352,send_recv,2,8
848,9.404,9.439,9.416333333333334,9.406,0.016048537489614222,0,2,48103424,send_recv,2,8
849,9.441,9.486,9.461,9.456,0.018708286933869785,0,2,48234496,send_recv,2,8
850,9.461,9.518,9.491666666666667,9.496,0.02347102232304541,0,2,48365568,send_recv,2,8
851,9.504,9.555,9.525666666666666,9.518,0.021514852750806505,0,2,48496640,send_recv,2,8
852,9.532,9.571,9.547333333333333,9.539,0.016977108770995706,0,2,48627712,send_recv,2,8
853,9.542,9.582,9.561,9.559000000000001,0.01639105447085934,0,2,48758784,send_recv,2,8
854,9.577,9.663,9.612333333333332,9.597,0.03674537007872198,0,2,48889856,send_recv,2,8
855,9.612,9.686,9.643333333333333,9.632,0.03125522178594942,0,2,49020928,send_recv,2,8
856,9.615,9.645,9.627333333333333,9.622,0.012814921857827143,0,2,49152000,send_recv,2,8
857,9.620000000000001,9.75,9.672,9.646,0.056166419386201025,0,2,49283072,send_recv,2,8
858,9.662,9.702,9.682666666666668,9.684000000000001,0.0163571255285134,0,2,49414144,send_recv,2,8
859,9.751,9.768,9.757666666666667,9.754,0.007408703590298179,0,2,49545216,send_recv,2,8
860,9.764,9.796,9.779666666666666,9.779,0.013072447700751721,0,2,49676288,send_recv,2,8
861,9.769,9.808,9.786333333333333,9.782,0.016213848676020288,0,2,49807360,send_recv,2,8
862,9.82,9.848,9.834,9.834,0.011430952132988356,0,2,49938432,send_recv,2,8
863,9.825000000000001,9.872,9.853333333333333,9.863,0.02036882148993565,0,2,50069504,send_recv,2,8
864,9.847,9.881,9.868,9.876,0.014988884770611598,0,2,50200576,send_recv,2,8
865,9.895,9.924,9.912333333333335,9.918000000000001,0.012498888839501976,0,2,50331648,send_recv,2,8
866,9.906,9.964,9.94,9.950000000000001,0.024711670657134196,0,2,50462720,send_recv,2,8
867,9.927,9.968,9.944333333333333,9.938,0.01732692189115608,0,2,50593792,send_recv,2,8
868,9.932,9.986,9.962,9.968,0.02244994432064371,0,2,50724864,send_recv,2,8
869,10.005,10.037,10.017666666666669,10.011000000000001,0.013888444437333083,0,2,50855936,send_recv,2,8
870,10.02,10.029,10.023,10.02,0.004242640687119445,0,2,50987008,send_recv,2,8
871,10.001,10.077,10.034333333333334,10.025,0.031721006008987654,0,2,51118080,send_recv,2,8
872,10.017,10.096,10.053666666666667,10.048,0.03249957264676318,0,2,51249152,send_recv,2,8
873,10.01,10.111,10.072666666666667,10.097,0.044679102746387374,0,2,51380224,send_recv,2,8
874,10.09,10.147,10.118,10.117,0.023280893453645778,0,2,51511296,send_recv,2,8
875,10.067,10.118,10.100666666666667,10.117,0.023809428571238293,0,2,51642368,send_recv,2,8
876,10.169,10.259,10.207333333333334,10.194,0.03793268892247004,0,2,51773440,send_recv,2,8
877,10.19,10.222,10.202,10.194,0.014236104336041512,0,2,51904512,send_recv,2,8
878,10.17,10.262,10.222,10.234,0.038505410875183256,0,2,52035584,send_recv,2,8
879,10.225,10.271,10.251333333333335,10.258000000000001,0.01936204764194401,0,2,52166656,send_recv,2,8
880,10.22,10.283,10.251333333333333,10.251,0.025720722298480096,0,2,52297728,send_recv,2,8
881,10.276,10.305,10.294,10.301,0.012832251036613479,0,2,52428800,send_recv,2,8
882,10.291,10.294,10.292333333333334,10.292,0.0012472191289247471,0,2,52559872,send_recv,2,8
883,10.315,10.372,10.334,10.315,0.026870057685088985,0,2,52690944,send_recv,2,8
884,10.317,10.358,10.339333333333334,10.343,0.016937794687883454,0,2,52822016,send_recv,2,8
885,10.39,10.408,10.399666666666667,10.401,0.007408703590297166,0,2,52953088,send_recv,2,8
886,10.402000000000001,10.474,10.433,10.423,0.030232432915661685,0,2,53084160,send_recv,2,8
887,10.358,10.459,10.420333333333334,10.444,0.044499687889042586,0,2,53215232,send_recv,2,8
888,10.462,10.535,10.497,10.494,0.029877527787062246,0,2,53346304,send_recv,2,8
889,10.508000000000001,10.539,10.528666666666666,10.539,0.014613540144521419,0,2,53477376,send_recv,2,8
890,10.465,10.538,10.503,10.506,0.029877527787062246,0,2,53608448,send_recv,2,8
891,10.519,10.588000000000001,10.562,10.579,0.030626785662227436,0,2,53739520,send_recv,2,8
892,10.605,10.63,10.616999999999999,10.616,0.010230672835482046,0,2,53870592,send_recv,2,8
893,10.572000000000001,10.617,10.587666666666669,10.574,0.020757863302587228,0,2,54001664,send_recv,2,8
894,10.614,10.653,10.630333333333335,10.624,0.016539514973406926,0,2,54132736,send_recv,2,8
895,10.658,10.718,10.678333333333335,10.659,0.028051539866625612,0,2,54263808,send_recv,2,8
896,10.663,10.701,10.686,10.694,0.01651262143533462,0,2,54394880,send_recv,2,8
897,10.716000000000001,10.745000000000001,10.726,10.717,0.013441230102437385,0,2,54525952,send_recv,2,8
898,10.701,10.76,10.724666666666666,10.713000000000001,0.02546020860523734,0,2,54657024,send_recv,2,8
899,10.752,10.805,10.777666666666667,10.776,0.0216692306175263,0,2,54788096,send_recv,2,8
900,10.742,10.799,10.774000000000001,10.781,0.023790754506740123,0,2,54919168,send_recv,2,8
901,10.797,10.856,10.825333333333333,10.823,0.024143091949642127,0,2,55050240,send_recv,2,8
902,10.852,10.945,10.889666666666665,10.872,0.0399694327649963,0,2,55181312,send_recv,2,8
903,10.831,10.863,10.85,10.856,0.013735598518691071,0,2,55312384,send_recv,2,8
904,10.851,10.899000000000001,10.877333333333334,10.882,0.019871811414385095,0,2,55443456,send_recv,2,8
905,10.92,11.017,10.953000000000001,10.922,0.04526219909225172,0,2,55574528,send_recv,2,8
906,10.954,10.976,10.968666666666666,10.976,0.010370899457402811,0,2,55705600,send_recv,2,8
907,10.991,10.998000000000001,10.994333333333335,10.994,0.0028674417556814893,0,2,55836672,send_recv,2,8
908,10.972,11.021,11.003,11.016,0.022015146301278262,0,2,55967744,send_recv,2,8
909,10.997,11.019,11.007,11.005,0.009092121131323945,0,2,56098816,send_recv,2,8
910,11.057,11.069,11.064,11.066,0.005099019513592978,0,2,56229888,send_recv,2,8
911,11.059000000000001,11.105,11.080333333333334,11.077,0.01892675942210431,0,2,56360960,send_recv,2,8
912,11.094,11.115,11.103666666666667,11.102,0.00865383665716507,0,2,56492032,send_recv,2,8
913,11.114,11.145,11.132666666666665,11.139,0.013424687043734257,0,2,56623104,send_recv,2,8
914,11.1,11.18,11.137333333333332,11.132,0.032876874682501236,0,2,56754176,send_recv,2,8
915,11.141,11.189,11.157333333333332,11.142,0.022395436042987913,0,2,56885248,send_recv,2,8
916,11.175,11.264,11.225,11.236,0.037157323190276106,0,2,57016320,send_recv,2,8
917,11.171,11.249,11.203333333333333,11.19,0.03320977098519235,0,2,57147392,send_recv,2,8
918,11.231,11.27,11.251333333333335,11.253,0.01596524001977062,0,2,57278464,send_recv,2,8
919,11.279,11.303,11.287333333333331,11.28,0.01108552609887781,0,2,57409536,send_recv,2,8
920,11.271,11.326,11.306666666666667,11.323,0.02524986248587401,0,2,57540608,send_recv,2,8
921,11.322000000000001,11.362,11.341666666666669,11.341000000000001,0.016336734339790108,0,2,57671680,send_recv,2,8
922,11.371,11.413,11.394333333333334,11.399000000000001,0.017461067804945034,0,2,57802752,send_recv,2,8
923,11.372,11.405,11.387666666666668,11.386000000000001,0.013523641850066924,0,2,57933824,send_recv,2,8
924,11.327,11.408,11.377,11.396,0.0356931365951495,0,2,58064896,send_recv,2,8
925,11.376,11.417,11.403333333333334,11.417,0.019327585352432473,0,2,58195968,send_recv,2,8
926,11.461,11.502,11.475999999999999,11.465,0.01845715759987643,0,2,58327040,send_recv,2,8
927,11.487,11.516,11.503,11.506,0.012027745701779124,0,2,58458112,send_recv,2,8
928,11.477,11.514000000000001,11.496333333333334,11.498000000000001,0.015151090903151691,0,2,58589184,send_recv,2,8
929,11.443,11.51,11.476666666666667,11.477,0.027353650985238263,0,2,58720256,send_recv,2,8
930,11.521,11.566,11.550000000000002,11.563,0.02054263858417408,0,2,58851328,send_recv,2,8
931,11.611,11.658,11.633666666666668,11.632,0.01922382780706115,0,2,58982400,send_recv,2,8
932,11.469,11.598,11.551,11.586,0.05818934610390516,0,2,59113472,send_recv,2,8
933,11.607000000000001,11.665000000000001,11.642333333333333,11.655,0.02531578339472969,0,2,59244544,send_recv,2,8
934,11.651,11.665000000000001,11.658666666666667,11.66,0.005792715732328024,0,2,59375616,send_recv,2,8
935,11.66,11.708,11.682333333333334,11.679,0.019737161790783293,0,2,59506688,send_recv,2,8
936,11.671,11.753,11.700333333333333,11.677,0.037321426672742714,0,2,59637760,send_recv,2,8
937,11.722,11.788,11.762666666666668,11.778,0.02904402788105633,0,2,59768832,send_recv,2,8
938,11.778,11.818,11.802999999999999,11.813,0.01779513042005197,0,2,59899904,send_recv,2,8
939,11.749,11.849,11.795666666666667,11.789,0.0410960933531264,0,2,60030976,send_recv,2,8
940,11.790000000000001,11.88,11.833666666666668,11.831,0.03679069930778094,0,2,60162048,send_recv,2,8
941,11.826,11.869,11.841,11.828,0.019815818596935694,0,2,60293120,send_recv,2,8
942,11.806000000000001,11.893,11.859666666666667,11.88,0.038317387987990705,0,2,60424192,send_recv,2,8
943,11.883000000000001,11.889000000000001,11.885666666666667,11.885,0.0024944382578494942,0,2,60555264,send_recv,2,8
944,11.895,11.943,11.919333333333332,11.92,0.019601587237318897,0,2,60686336,send_recv,2,8
945,11.922,11.951,11.934333333333333,11.93,0.012229290885229492,0,2,60817408,send_recv,2,8
946,11.948,12.027000000000001,11.982,11.971,0.03317629675938361,0,2,60948480,send_recv,2,8
947,11.968,11.993,11.983666666666666,11.99,0.011145502331533804,0,2,61079552,send_recv,2,8
948,12.022,12.038,12.029666666666666,12.029,0.00654896090146285,0,2,61210624,send_recv,2,8
949,12.008000000000001,12.074,12.032666666666666,12.016,0.029408993333483378,0,2,61341696,send_recv,2,8
950,12.054,12.058,12.055666666666667,12.055,0.0016996731711974658,0,2,61472768,send_recv,2,8
951,12.021,12.107000000000001,12.073,12.091000000000001,0.03734523619776259,0,2,61603840,send_recv,2,8
952,12.081,12.144,12.122666666666666,12.143,0.029465610840813172,0,2,61734912,send_recv,2,8
953,12.152000000000001,12.193,12.174666666666667,12.179,0.017016332024133055,0,2,61865984,send_recv,2,8
954,12.149000000000001,12.18,12.164000000000001,12.163,0.012675435561220545,0,2,61997056,send_recv,2,8
955,12.123000000000001,12.216000000000001,12.176333333333334,12.19,0.039177658032211085,0,2,62128128,send_recv,2,8
956,12.195,12.262,12.220666666666666,12.205,0.029510826638521934,0,2,62259200,send_recv,2,8
957,12.224,12.254,12.234666666666667,12.226,0.013695092389448984,0,2,62390272,send_recv,2,8
958,12.263,12.282,12.274333333333333,12.278,0.00817856276425699,0,2,62521344,send_recv,2,8
959,12.261000000000001,12.305,12.286666666666667,12.294,0.018696404883173055,0,2,62652416,send_recv,2,8
960,12.314,12.352,12.331666666666669,12.329,0.015627610892974802,0,2,62783488,send_recv,2,8
961,12.34,12.391,12.359333333333332,12.347,0.022573337271116153,0,2,62914560,send_recv,2,8
962,12.358,12.393,12.373666666666667,12.370000000000001,0.014522013940528001,0,2,63045632,send_recv,2,8
963,12.384,12.412,12.401000000000002,12.407,0.01219289410544801,0,2,63176704,send_recv,2,8
964,12.413,12.479000000000001,12.448333333333332,12.453,0.02714569742867,0,2,63307776,send_recv,2,8
965,12.445,12.481,12.466,12.472,0.015297058540778122,0,2,63438848,send_recv,2,8
966,12.441,12.531,12.479,12.465,0.03805259518088094,0,2,63569920,send_recv,2,8
967,12.47,12.542,12.495,12.473,0.03325657829663137,0,2,63700992,send_recv,2,8
968,12.52,12.584,12.543666666666667,12.527000000000001,0.028662790435607294,0,2,63832064,send_recv,2,8
969,12.557,12.591000000000001,12.579,12.589,0.015577761927397415,0,2,63963136,send_recv,2,8
970,12.535,12.602,12.570333333333332,12.574,0.02747524137999322,0,2,64094208,send_recv,2,8
971,12.620000000000001,12.661,12.646333333333333,12.658,0.01866071333637052,0,2,64225280,send_recv,2,8
972,12.581,12.65,12.626666666666665,12.649000000000001,0.03229379025275483,0,2,64356352,send_recv,2,8
973,12.639000000000001,12.708,12.662666666666667,12.641,0.03206590435684311,0,2,64487424,send_recv,2,8
974,12.614,12.745000000000001,12.694333333333333,12.724,0.05744756062899641,0,2,64618496,send_recv,2,8
975,12.676,12.767,12.735,12.762,0.04176920715870314,0,2,64749568,send_recv,2,8
976,12.708,12.783,12.742666666666667,12.737,0.030879694874715598,0,2,64880640,send_recv,2,8
977,12.717,12.789,12.759333333333332,12.772,0.030728199137310397,0,2,65011712,send_recv,2,8
978,12.736,12.833,12.779333333333334,12.769,0.04026854300264093,0,2,65142784,send_recv,2,8
979,12.773,12.871,12.811333333333332,12.790000000000001,0.04275771535316445,0,2,65273856,send_recv,2,8
980,12.8,12.905000000000001,12.844,12.827,0.04451965857910442,0,2,65404928,send_recv,2,8
981,12.815,12.945,12.873333333333333,12.86,0.053903205429321116,0,2,65536000,send_recv,2,8
982,12.879,12.943,12.915,12.923,0.02673325020768463,0,2,65667072,send_recv,2,8
983,12.9,12.934000000000001,12.914333333333333,12.909,0.014383632673594552,0,2,65798144,send_recv,2,8
984,12.952,13.004,12.969999999999999,12.954,0.024055491403557953,0,2,65929216,send_recv,2,8
985,12.909,13.024000000000001,12.981666666666667,13.012,0.05161610429141493,0,2,66060288,send_recv,2,8
986,12.913,13.02,12.982333333333335,13.014000000000001,0.049087223954462494,0,2,66191360,send_recv,2,8
987,12.977,13.054,13.003,12.978,0.03606475657295741,0,2,66322432,send_recv,2,8
988,12.949,13.064,13.012333333333332,13.024000000000001,0.047667832153583806,0,2,66453504,send_recv,2,8
989,13.046000000000001,13.109,13.071,13.058,0.027313000567494996,0,2,66584576,send_recv,2,8
990,13.057,13.194,13.110333333333335,13.08,0.05990177144477661,0,2,66715648,send_recv,2,8
991,13.119,13.208,13.171333333333331,13.187,0.037985377303495285,0,2,66846720,send_recv,2,8
992,13.153,13.174,13.164666666666667,13.167,0.008730533902472122,0,2,66977792,send_recv,2,8
993,13.165000000000001,13.222,13.200333333333333,13.214,0.025197001585285185,0,2,67108864,send_recv,2,8
