Request Id,request_e2e_time
4,0.7811040037342738
5,4.4632882270498975
14,3.7499099228441146
26,3.7991189829968777
10,6.4471781470852525
28,4.281543950813708
36,4.855194670097349
24,6.1228161211228755
84,4.153168847322966
33,10.581400040837272
56,8.731959069352241
45,9.87000105600109
15,14.15012322968723
63,10.588467283501004
13,16.834482940040424
37,14.202440103363651
108,7.6867107865658575
79,10.836069769355184
88,11.742502310159034
44,15.894028986647193
16,19.39629417061726
52,15.744679612802397
57,15.524018698255023
94,13.278191759276096
102,12.207466034862806
20,20.860956013136683
76,15.406383931926428
64,16.515879880714365
116,11.654862812593715
8,23.816140163161332
12,23.333221608047488
73,17.631028706868474
32,21.911231340651508
0,26.575589166618
60,19.831471284762742
21,24.637031064056135
48,21.341954158322057
68,19.530768059781124
92,18.632678155380347
61,22.00980469157019
100,18.382902243102503
22,26.209422657830093
6,28.514417419394892
110,17.219812698140004
124,15.984334192868314
54,23.59937403597884
29,26.34874755299502
77,21.78284500482559
70,22.430552999627956
69,22.62752896831106
46,24.825045147224273
3,30.363839269517438
40,25.88274710939096
112,18.519613646097945
86,21.77415945961977
34,26.648546891928607
38,26.873253326178137
104,20.010997560828123
109,19.611556155693137
53,25.92007853621957
62,25.057509512419227
30,28.38225802391618
93,22.53260861719366
42,27.322146967545294
72,24.87561550554677
125,19.579405563931388
126,19.777544812108374
85,24.369451960435136
78,25.031247799955487
25,30.078362588932656
120,20.449778659622567
80,25.003945825613133
96,24.13064325563863
41,29.33677374073393
101,23.586419271098862
117,21.678389291649967
118,23.437949239296415
58,30.332104560682353
74,29.005088120670706
66,29.763073232992006
67,29.770157126017
114,25.20187231913927
65,30.9691227438926
1,39.50399177554343
82,30.454981210378435
122,26.584274090472853
2,40.397990980214466
50,35.06675043289314
98,31.97853641024333
90,32.98828027758663
106,31.85934759102055
18,41.44509476965355
71,36.352585207628024
47,40.029132649651395
31,43.44210274208352
7,50.1636028783284
17,51.058204624369345
19,53.52659953926828
11,57.26317121859568
43,53.6398235273898
75,59.400395150102305
55,61.28737752617143
51,62.366916765189146
59,61.59791803045967
35,64.13802427423983
115,56.178432372842636
99,58.57717724003261
83,60.61347776770952
39,65.00595108376527
91,62.146606397656846
49,66.65925780244856
27,69.26454869794966
107,61.827117542710056
123,60.36840834304849
9,73.30151066980766
121,62.26752500735796
113,64.34407124557238
119,64.05730719220584
89,68.41499254341943
87,69.00349144948264
81,70.93772427077906
23,78.09140642263063
103,70.55944538795922
111,69.69073806742918
105,70.66035982152565
97,73.47885992263467
127,70.62914476518064
95,74.5882787858693
